REF #,Actual_Gender,Model_Predictions,Model_Probabilities
10813,FEMALE,FEMALE,0.31729249797238795
1100,MALE,MALE,0.9892375808672712
5554,MALE,MALE,0.7585506343987555
10933,FEMALE,FEMALE,0.2814587282578349
2643,MALE,MALE,0.6243112390809338
11894,FEMALE,FEMALE,0.32157834610143526
5171,FEMALE,FEMALE,0.4556641266686654
9502,FEMALE,FEMALE,0.3309366070501454
10979,MALE,MALE,0.6845018205812587
1977,MALE,MALE,0.721815529660806
7582,MALE,MALE,0.9196649636316342
11142,FEMALE,FEMALE,0.2640766198641497
8958,FEMALE,FEMALE,0.1605619735808046
2022,MALE,MALE,0.9706260172249312
4794,FEMALE,FEMALE,0.28939948322954545
6305,MALE,MALE,0.9447936444060067
1394,MALE,MALE,0.9866440053180034
3981,FEMALE,FEMALE,0.3090659193044472
9085,FEMALE,FEMALE,0.1900847986232193
5385,MALE,MALE,0.7447569214274776
5152,FEMALE,FEMALE,0.24121545988086457
11013,MALE,MALE,0.62114503931422
434,MALE,MALE,0.7992805876147007
159,MALE,MALE,0.9791912972085386
2568,MALE,MALE,0.956798340656205
1358,FEMALE,FEMALE,0.340497969505461
7799,FEMALE,FEMALE,0.24094893489791047
6982,FEMALE,FEMALE,0.24485654810288504
5262,MALE,MALE,0.5017935203414627
11647,FEMALE,FEMALE,0.21689093191170408
5689,FEMALE,FEMALE,0.38886255848371626
10503,MALE,MALE,0.6322511836616047
7822,FEMALE,FEMALE,0.25642083792464193
11315,MALE,MALE,0.5784479289607851
4456,MALE,MALE,0.9527337502093601
2130,MALE,MALE,0.7598846902439716
1075,FEMALE,FEMALE,0.29683726158734414
2739,MALE,MALE,0.9618352545293414
5505,MALE,MALE,0.8707989823696681
8198,FEMALE,MALE,0.6262082841351283
1119,MALE,MALE,0.7410192022667641
7133,MALE,MALE,0.9227797371016304
5060,MALE,MALE,0.5463734976874312
11228,FEMALE,FEMALE,0.39661972768849324
7841,FEMALE,FEMALE,0.20554158380274348
11463,MALE,MALE,0.5526747099163895
4523,MALE,MALE,0.579182592724831
4366,MALE,MALE,0.9773284083868315
2369,MALE,MALE,0.9679930503578669
10061,FEMALE,FEMALE,0.31523979694452703
7352,FEMALE,FEMALE,0.30313299187339
494,FEMALE,MALE,0.5574982767558427
9716,MALE,FEMALE,0.3770623494845578
10963,MALE,MALE,0.5473131118783678
2546,MALE,MALE,0.9315324168947324
7137,MALE,MALE,0.9053687811332949
5485,MALE,MALE,0.874533869116052
9113,MALE,MALE,0.6541177445695956
11132,FEMALE,FEMALE,0.1995007401354755
4361,MALE,MALE,0.5549278616801112
3911,MALE,MALE,0.7939613706609707
573,MALE,MALE,0.7105685491292566
1253,FEMALE,FEMALE,0.22116004574667428
2320,MALE,MALE,0.9524419123036241
2413,MALE,MALE,0.679615263255165
238,MALE,MALE,0.9364956340062177
272,MALE,MALE,0.9987576551247261
3490,MALE,MALE,0.9712237135381041
1733,MALE,MALE,0.9831169362722373
4740,MALE,MALE,0.824339967437248
6728,FEMALE,FEMALE,0.42055573818966246
311,MALE,MALE,0.9974566413963756
6880,MALE,FEMALE,0.34688145859901665
11644,FEMALE,FEMALE,0.3008942148961604
77,MALE,MALE,0.9767089934762349
1001,MALE,MALE,0.9900651949854335
4276,MALE,MALE,0.6944823956670889
7334,MALE,FEMALE,0.41984331623971227
5113,MALE,MALE,0.9353895888363674
7530,FEMALE,FEMALE,0.29630843167425136
4298,MALE,MALE,0.9001394772076027
5418,MALE,MALE,0.6681805394686058
10447,FEMALE,FEMALE,0.2592637733523125
4088,MALE,MALE,0.9062324416935533
65,MALE,MALE,0.8139356904102187
11091,MALE,MALE,0.59319987305949
1974,MALE,MALE,0.9811538317642869
7818,MALE,MALE,0.7349516979919545
281,FEMALE,FEMALE,0.20377706797991824
1418,MALE,MALE,0.9812815708424663
9546,MALE,MALE,0.6194544002735269
3785,MALE,MALE,0.7739865724026987
11426,MALE,MALE,0.6584138870940989
1769,MALE,MALE,0.9946940733407774
2241,MALE,MALE,0.9964971645614726
5625,FEMALE,FEMALE,0.44932952651315106
8989,FEMALE,FEMALE,0.24540181501897818
10337,FEMALE,FEMALE,0.4008583528951755
11140,FEMALE,FEMALE,0.33331361113688
5624,FEMALE,FEMALE,0.42911807672347857
3669,FEMALE,MALE,0.6068021066957521
4581,MALE,MALE,0.6175638988311496
10901,FEMALE,FEMALE,0.30034603625947864
5787,FEMALE,FEMALE,0.42563066661148163
6058,FEMALE,FEMALE,0.2910397539427786
7096,MALE,MALE,0.9487883515449214
3889,MALE,MALE,0.6289401548696428
5878,MALE,MALE,0.737384135833167
2708,MALE,MALE,0.8706260737981881
8902,FEMALE,FEMALE,0.37931905570987756
10950,FEMALE,FEMALE,0.32353169524312797
11009,MALE,MALE,0.5746626398057777
1661,MALE,MALE,0.994694163061234
7504,FEMALE,FEMALE,0.32529766752083406
243,MALE,MALE,0.9935466546505677
9521,FEMALE,FEMALE,0.2479116044799029
8777,FEMALE,FEMALE,0.1950599575647616
7543,FEMALE,MALE,0.6024368782822381
8873,FEMALE,FEMALE,0.14821473907049604
10397,FEMALE,FEMALE,0.2559046710621129
979,MALE,MALE,0.8291844226995072
8979,MALE,MALE,0.8060555922319701
9038,MALE,MALE,0.8244194781278967
10249,MALE,MALE,0.6426182216427629
10699,MALE,MALE,0.5043474008896086
10189,MALE,MALE,0.7033715245032761
10291,FEMALE,FEMALE,0.3190992585998377
3147,MALE,MALE,0.9939315502224028
4183,MALE,MALE,0.6846338779877443
905,MALE,MALE,0.9848343149910853
7792,MALE,MALE,0.8685664487323846
386,MALE,MALE,0.9730826550267231
4018,FEMALE,FEMALE,0.36960381884487975
3004,FEMALE,MALE,0.550818560195681
5044,MALE,MALE,0.7562458918419216
780,MALE,MALE,0.9771402875031796
600,MALE,MALE,0.9928368263680764
7838,MALE,FEMALE,0.446824264934695
564,MALE,MALE,0.9924597320933449
11682,FEMALE,FEMALE,0.47215574965118157
6491,FEMALE,FEMALE,0.370800327164686
2215,MALE,MALE,0.967777746144817
3813,MALE,MALE,0.9294090316323564
6695,MALE,FEMALE,0.36902032619555464
9165,MALE,MALE,0.8145357043524913
4855,FEMALE,FEMALE,0.2105855748472482
1816,MALE,MALE,0.9706323269536119
10681,FEMALE,FEMALE,0.33838602303641735
5456,MALE,MALE,0.9151521877908074
6667,MALE,MALE,0.5508179433372615
2669,FEMALE,MALE,0.6617147730339866
9554,FEMALE,FEMALE,0.3865241586146261
7299,MALE,MALE,0.9117940838031119
1070,MALE,MALE,0.9872366709064706
8909,MALE,MALE,0.7411723150631147
182,MALE,MALE,0.9620396218688526
1105,MALE,MALE,0.9754930753727657
6570,MALE,FEMALE,0.40784025770117255
6240,FEMALE,FEMALE,0.3377964720133047
4878,MALE,MALE,0.9403376161350167
1992,MALE,MALE,0.7354048706516533
6662,FEMALE,FEMALE,0.3075770809184056
1066,MALE,MALE,0.9906194966550241
10793,MALE,MALE,0.6416795619117073
4284,FEMALE,FEMALE,0.3087943856344475
7195,FEMALE,FEMALE,0.304866261242571
8511,MALE,FEMALE,0.40384444024181404
3948,MALE,MALE,0.8929331276134869
7101,FEMALE,FEMALE,0.31723305862051704
1137,MALE,MALE,0.9940903794881722
3466,MALE,MALE,0.9936755357447368
2714,MALE,MALE,0.920000950420782
5091,FEMALE,FEMALE,0.4140586341768478
11370,FEMALE,FEMALE,0.3630344652294169
9901,MALE,MALE,0.5321872003832763
5191,FEMALE,FEMALE,0.2897376886557471
2632,FEMALE,MALE,0.6259892707431227
4514,MALE,MALE,0.725084566019534
9433,MALE,MALE,0.7555406738514927
264,FEMALE,MALE,0.5802742343349206
8158,FEMALE,FEMALE,0.1898005570546541
650,MALE,MALE,0.9729837066520693
6333,MALE,MALE,0.5797269996157841
5581,FEMALE,FEMALE,0.43667943445221746
9914,FEMALE,FEMALE,0.3707482988252174
7186,MALE,MALE,0.8372259284750788
5982,MALE,MALE,0.8057008951136155
7769,MALE,MALE,0.8936304577845062
5356,FEMALE,FEMALE,0.39406344669546656
4100,MALE,MALE,0.7570712552990996
1607,MALE,MALE,0.9835593430201639
6644,FEMALE,FEMALE,0.32536505547037303
8639,FEMALE,FEMALE,0.21967783134028976
8351,MALE,FEMALE,0.40533137323270446
1009,MALE,MALE,0.9942635900767556
3408,MALE,MALE,0.9281633458498301
9705,MALE,MALE,0.5114774418936165
4619,MALE,MALE,0.9757682880852555
11813,FEMALE,FEMALE,0.44869135126353704
11312,FEMALE,FEMALE,0.43937638346449254
5803,MALE,MALE,0.7218800225935729
7005,MALE,MALE,0.9594989028472188
3016,MALE,MALE,0.6988395040121315
5202,FEMALE,FEMALE,0.3397902685504777
5002,FEMALE,FEMALE,0.23060562705453044
4384,MALE,MALE,0.925190903702919
11793,FEMALE,FEMALE,0.37951837481831996
1907,MALE,MALE,0.989209189778927
11199,FEMALE,FEMALE,0.3560645914768428
2562,MALE,MALE,0.9530327232917696
342,MALE,MALE,0.9873637626509196
6316,MALE,MALE,0.9404067487981053
11671,FEMALE,FEMALE,0.3511390556091644
5956,MALE,MALE,0.7372512424157941
5392,FEMALE,FEMALE,0.39983272488782723
565,MALE,MALE,0.973425907848264
3425,MALE,MALE,0.8651356019115147
6056,MALE,MALE,0.6138330323242285
3178,FEMALE,FEMALE,0.4174019179168303
1237,MALE,MALE,0.9984485038515255
7961,FEMALE,FEMALE,0.2715183410432132
11367,FEMALE,FEMALE,0.34631397115685275
4616,MALE,MALE,0.7215125485548015
10913,FEMALE,FEMALE,0.4352726515176105
599,MALE,MALE,0.955174474904495
8463,MALE,MALE,0.7131480881734744
3547,MALE,MALE,0.9961088000649575
6410,MALE,FEMALE,0.4319550863885792
2042,MALE,MALE,0.9784502955302711
2495,MALE,MALE,0.9399988952390993
9720,FEMALE,FEMALE,0.26399869269573134
9315,FEMALE,FEMALE,0.17515671393578702
3085,FEMALE,MALE,0.7016574233543733
10912,FEMALE,FEMALE,0.399804844591921
10053,MALE,MALE,0.7877490583177026
5129,FEMALE,FEMALE,0.46831268651520197
3517,FEMALE,MALE,0.6434844125126424
10264,MALE,MALE,0.6728156064438237
2945,MALE,MALE,0.8890647999607835
11726,FEMALE,FEMALE,0.1829517734542111
4968,FEMALE,FEMALE,0.38904032639265834
6194,MALE,MALE,0.9438492665438168
109,MALE,MALE,0.9651799836829114
2219,MALE,MALE,0.9839399892082438
2698,MALE,MALE,0.7134353336176972
4382,FEMALE,FEMALE,0.4745312941481816
3850,MALE,MALE,0.6789094154118755
7699,FEMALE,FEMALE,0.23026719835313364
8676,FEMALE,FEMALE,0.13429369011757958
637,MALE,MALE,0.9746219701804175
9336,MALE,MALE,0.6147873601414008
1206,MALE,MALE,0.9956110711107216
9241,FEMALE,FEMALE,0.23705395924749606
6013,FEMALE,FEMALE,0.296911496645571
8831,MALE,MALE,0.711447833388051
10266,MALE,MALE,0.586227222314077
2963,MALE,MALE,0.9176302966108335
2419,MALE,MALE,0.9577800998177767
7671,FEMALE,FEMALE,0.2513501617779413
10572,FEMALE,FEMALE,0.27777331510425507
10045,MALE,MALE,0.7135305491706955
3600,MALE,MALE,0.8391217457483271
1316,MALE,MALE,0.9796865891719497
9782,MALE,MALE,0.61814963078972
7765,FEMALE,MALE,0.5523173867753699
8349,FEMALE,FEMALE,0.2302564551598183
6909,FEMALE,FEMALE,0.2840634449897484
1713,MALE,MALE,0.9955178772850658
11590,FEMALE,FEMALE,0.4429004743824638
8558,MALE,FEMALE,0.40122920634958953
1677,MALE,MALE,0.9767981838113685
3610,FEMALE,MALE,0.6106859872512103
1334,MALE,MALE,0.9817798426610009
720,MALE,MALE,0.9800828925073409
10227,FEMALE,FEMALE,0.25296829835484724
1938,MALE,MALE,0.9959890463898521
649,MALE,MALE,0.9951482951529855
10474,MALE,FEMALE,0.34811805097197096
5357,FEMALE,FEMALE,0.3156638465007605
10202,FEMALE,FEMALE,0.368917935041754
713,MALE,MALE,0.9939351956632052
11634,FEMALE,FEMALE,0.4278867438282101
3655,FEMALE,FEMALE,0.3711383287067093
1042,MALE,MALE,0.9599642544142287
3546,MALE,MALE,0.9912398088006558
10758,FEMALE,FEMALE,0.3504400270234468
5055,MALE,MALE,0.5939513092003239
8470,FEMALE,FEMALE,0.20001824166290255
6515,MALE,MALE,0.5226961317825698
4893,FEMALE,FEMALE,0.24788038743358953
11609,MALE,MALE,0.5205325303245621
3778,MALE,MALE,0.8765547620978958
735,MALE,MALE,0.9853762987619211
50,MALE,MALE,0.9893103448275862
5622,MALE,MALE,0.8350986788845222
6310,MALE,FEMALE,0.4766398588431419
8838,MALE,FEMALE,0.40897470679494086
1634,MALE,MALE,0.976319363535823
3081,MALE,MALE,0.9734425218014724
2166,MALE,MALE,0.9227463764930437
6977,FEMALE,FEMALE,0.26330363384641325
6482,FEMALE,FEMALE,0.3581501031997511
3931,MALE,MALE,0.7998460574085579
943,MALE,MALE,0.9953577908207197
2216,MALE,MALE,0.9718732159765239
7200,MALE,MALE,0.8457464677847162
3829,MALE,MALE,0.937592189486671
10338,FEMALE,FEMALE,0.2593192999755492
3217,MALE,MALE,0.9358210228927065
7285,FEMALE,FEMALE,0.2891646019646668
9326,MALE,MALE,0.7675831924480602
2507,MALE,MALE,0.9495754076251843
3835,FEMALE,FEMALE,0.49395206894754795
11638,FEMALE,FEMALE,0.23654232929093777
980,MALE,MALE,0.9859775029015466
508,MALE,MALE,0.9453647784193364
1095,MALE,MALE,0.9712871686338802
350,MALE,MALE,0.9818647396664636
603,MALE,MALE,0.9871346619283848
9564,FEMALE,FEMALE,0.20471010597781703
9467,FEMALE,FEMALE,0.3342980620480885
4389,MALE,MALE,0.6775159567197144
4161,FEMALE,FEMALE,0.26178239746638227
8780,MALE,MALE,0.8504418330487753
10181,FEMALE,FEMALE,0.4373128468215295
1748,MALE,MALE,0.8143395959996534
7854,FEMALE,FEMALE,0.20719370328741962
1342,MALE,MALE,0.9846939448175214
10557,MALE,MALE,0.6423484092675379
632,MALE,MALE,0.9959520023858943
8776,MALE,MALE,0.840629523228712
8581,FEMALE,FEMALE,0.2717969095899537
9994,MALE,MALE,0.5889729469331094
4477,FEMALE,FEMALE,0.23992731598629255
5175,MALE,MALE,0.900204602019064
4229,MALE,MALE,0.724637857285121
7480,FEMALE,FEMALE,0.31577282984429467
3605,FEMALE,FEMALE,0.4775685930255251
8675,FEMALE,FEMALE,0.28839871217136026
2803,MALE,MALE,0.9381193898792065
1936,MALE,MALE,0.9875340335047307
9752,FEMALE,FEMALE,0.3132109150793457
6752,FEMALE,FEMALE,0.3512465759615213
7447,MALE,FEMALE,0.4864592540525395
4318,MALE,MALE,0.699557665677333
5962,FEMALE,FEMALE,0.3279300607773207
3317,MALE,MALE,0.882600580235396
9221,MALE,MALE,0.8380204577631525
7474,MALE,MALE,0.6339969409590441
131,MALE,MALE,0.9991912972085386
3400,MALE,MALE,0.8996112335789754
4254,FEMALE,MALE,0.6076706788435665
5051,FEMALE,FEMALE,0.21092920219578826
2285,MALE,MALE,0.9890205636494407
1025,MALE,MALE,0.9893337073775768
2831,FEMALE,MALE,0.6767210028369529
1231,MALE,MALE,0.9902951526600569
5596,MALE,MALE,0.9095659177391152
4562,MALE,MALE,0.6866825215340292
9134,MALE,FEMALE,0.406121375329339
3827,MALE,MALE,0.6638832004346567
6143,FEMALE,FEMALE,0.2790221641478009
2567,MALE,MALE,0.9298017613841388
2406,FEMALE,FEMALE,0.45674928782435553
4675,FEMALE,FEMALE,0.3946407756896423
2555,MALE,MALE,0.9752638381104594
9547,FEMALE,FEMALE,0.3974342225547691
10824,FEMALE,FEMALE,0.430427241400781
9619,MALE,MALE,0.5814200413829395
5640,FEMALE,FEMALE,0.4786158046085168
10399,FEMALE,FEMALE,0.2933515082082806
5278,MALE,MALE,0.6680205964482004
4143,FEMALE,FEMALE,0.2838084329871705
1566,MALE,MALE,0.9853515593918728
9988,FEMALE,MALE,0.5059621353871799
7733,MALE,MALE,0.5393725359783133
2959,MALE,MALE,0.9943667635853372
3658,MALE,MALE,0.9162532230334065
9944,FEMALE,MALE,0.5058738222938176
11546,FEMALE,FEMALE,0.30895490125650443
10188,MALE,MALE,0.6636977156051064
9910,FEMALE,FEMALE,0.3140085822696303
6772,MALE,MALE,0.6850281546430537
1501,MALE,MALE,0.9862417414069112
4320,FEMALE,FEMALE,0.3473816905356013
8423,FEMALE,FEMALE,0.20409370586068448
3900,MALE,MALE,0.9441399470300673
10955,FEMALE,FEMALE,0.24967084635579295
10961,FEMALE,FEMALE,0.3832653297062263
1889,MALE,MALE,0.9887339540900543
5750,FEMALE,MALE,0.7205565223423898
899,MALE,MALE,0.9883530399695724
1845,MALE,MALE,0.99557348273923
8559,MALE,MALE,0.7374068055545517
2982,MALE,MALE,0.9174736380908911
1262,MALE,MALE,0.9968420541017082
512,MALE,MALE,0.9666594039843761
3323,MALE,MALE,0.930545126517778
2000,FEMALE,MALE,0.6366380976190311
10483,FEMALE,FEMALE,0.43726872590808097
4051,MALE,MALE,0.7401804029069464
9719,FEMALE,FEMALE,0.3266423111694723
4590,MALE,MALE,0.9117144824563542
2094,FEMALE,FEMALE,0.4541978877071361
6786,MALE,MALE,0.7901371775764169
932,MALE,MALE,0.9964459142006045
9207,MALE,MALE,0.6282295940438886
3065,MALE,MALE,0.9933041271948895
3823,MALE,MALE,0.903115893848965
6525,MALE,MALE,0.7727061282793914
7183,FEMALE,MALE,0.6112851156671213
11225,MALE,FEMALE,0.41028732053714995
5090,MALE,MALE,0.5352975803793523
10326,FEMALE,FEMALE,0.3848766649500241
4644,FEMALE,MALE,0.5453833094433489
3753,MALE,MALE,0.9865425945409518
9468,MALE,MALE,0.6211669584464873
10360,FEMALE,FEMALE,0.2908504091433549
5416,MALE,MALE,0.9160050064850301
9606,FEMALE,FEMALE,0.20862713394265267
1587,MALE,MALE,0.9602606298929827
10638,FEMALE,FEMALE,0.26002510093734665
5434,MALE,MALE,0.8702139276158524
7350,MALE,MALE,0.8552248390746524
4668,FEMALE,FEMALE,0.3449158049418584
5565,FEMALE,FEMALE,0.3331002234615572
7455,FEMALE,FEMALE,0.2550595646679701
8785,FEMALE,FEMALE,0.22159529291365745
1215,MALE,MALE,0.9956249511965757
2752,MALE,MALE,0.918368047402967
906,MALE,MALE,0.9617615693776876
736,MALE,MALE,0.9777508210180623
10501,FEMALE,FEMALE,0.31070125639585866
11099,MALE,FEMALE,0.4449966867494709
3558,MALE,MALE,0.9870829959490607
11239,MALE,MALE,0.6286148477953214
10018,MALE,MALE,0.8135636205470835
8306,FEMALE,FEMALE,0.2787329290606259
7086,FEMALE,FEMALE,0.34155593614628615
10864,FEMALE,FEMALE,0.33352013019364873
831,MALE,MALE,0.979203700720889
2070,MALE,MALE,0.9984370629370629
586,MALE,MALE,0.9991871149683651
1299,MALE,MALE,0.9901990016693415
8371,MALE,MALE,0.6941314414986589
1579,FEMALE,FEMALE,0.4634805751162737
2072,MALE,MALE,0.9885871996397458
136,MALE,MALE,0.9692963252775754
2438,MALE,MALE,0.951912581954365
1160,MALE,MALE,0.9751000002654895
972,MALE,MALE,0.9897670786256327
7861,FEMALE,FEMALE,0.3359902293693986
4222,MALE,MALE,0.9037871634439233
2544,MALE,MALE,0.962930922897065
5605,FEMALE,FEMALE,0.3911582645491263
1948,MALE,MALE,0.994299432748256
3151,MALE,MALE,0.9772011787295866
11442,MALE,MALE,0.742347851086934
10811,MALE,FEMALE,0.34689653336234444
11541,FEMALE,FEMALE,0.2935065325832777
4445,FEMALE,FEMALE,0.3426518052334177
10678,FEMALE,FEMALE,0.3610166972030533
359,MALE,MALE,0.9994514925373135
11868,FEMALE,FEMALE,0.21859466942123892
9205,FEMALE,FEMALE,0.21451983500039692
818,MALE,MALE,0.9858219338016155
8377,MALE,MALE,0.8241976016419982
9647,MALE,MALE,0.7612632678523488
1159,MALE,MALE,0.9883385793975416
7779,MALE,MALE,0.5691229602248706
5257,MALE,MALE,0.6803656996569493
1389,MALE,MALE,0.9961748309790625
8283,MALE,MALE,0.8184763047042257
5790,FEMALE,FEMALE,0.27407978982099174
11376,MALE,FEMALE,0.4972190383222327
2564,MALE,MALE,0.9928471274453681
11435,FEMALE,FEMALE,0.4067973478374647
10609,FEMALE,FEMALE,0.3213166564934302
11580,FEMALE,FEMALE,0.35259750384627736
7399,FEMALE,MALE,0.6540106544793136
1205,MALE,MALE,0.8521119030624312
1961,MALE,MALE,0.9946258253506021
5895,MALE,MALE,0.8543841686822793
10820,FEMALE,FEMALE,0.344618788066216
7300,FEMALE,FEMALE,0.23277703164518404
6638,FEMALE,FEMALE,0.24785468258801033
4489,MALE,MALE,0.6191824295904913
7902,MALE,MALE,0.739299948462319
4242,MALE,MALE,0.9015444771842488
8361,MALE,MALE,0.8120211986552331
6704,FEMALE,FEMALE,0.33300406022583795
5345,MALE,MALE,0.743863120272892
9385,FEMALE,FEMALE,0.18357945748660215
1541,MALE,MALE,0.9975228320841235
8200,FEMALE,FEMALE,0.2401480901969408
1229,MALE,MALE,0.9402936046735433
4631,MALE,MALE,0.8567349176085043
4007,FEMALE,FEMALE,0.3457499751910966
5751,MALE,MALE,0.9191908522168238
3789,MALE,MALE,0.8760060069276733
9029,FEMALE,FEMALE,0.2445598208724012
7484,FEMALE,FEMALE,0.23351056604755743
9485,FEMALE,MALE,0.5363315948823647
1986,MALE,MALE,0.9864449436172241
9308,FEMALE,FEMALE,0.1407144586712452
7269,FEMALE,MALE,0.6752040663316805
5510,FEMALE,FEMALE,0.47778719858119634
1199,MALE,MALE,0.9984219114219114
2109,MALE,MALE,0.9332582304514561
8105,MALE,MALE,0.909104877803172
7036,MALE,MALE,0.9032508846273611
5916,FEMALE,FEMALE,0.43612346232874843
8799,MALE,MALE,0.858883595718924
7851,FEMALE,FEMALE,0.2565539527076106
1308,FEMALE,FEMALE,0.4350099406590192
5789,FEMALE,FEMALE,0.425280444684442
11531,FEMALE,FEMALE,0.18871892229716103
7502,MALE,MALE,0.9432260782351309
1219,MALE,MALE,0.9403523898231987
6230,MALE,MALE,0.5721853519378586
3899,FEMALE,FEMALE,0.34118528069596094
4634,FEMALE,FEMALE,0.2852365716927151
7083,MALE,MALE,0.9160988754003404
4498,MALE,MALE,0.7031286975214356
277,MALE,MALE,0.8770423643293825
9067,FEMALE,FEMALE,0.2571209206661549
2673,MALE,MALE,0.9634152099247202
8411,MALE,FEMALE,0.29260730162213366
9011,MALE,MALE,0.6315294838771603
5446,FEMALE,FEMALE,0.4638724753282854
857,FEMALE,MALE,0.5587563658922006
9411,FEMALE,FEMALE,0.28368590425084633
2273,MALE,MALE,0.9837514512766745
10206,MALE,MALE,0.635719600588336
5812,FEMALE,FEMALE,0.28459751451422716
8305,MALE,MALE,0.9171070802113903
8851,MALE,MALE,0.7717533043093447
9990,MALE,MALE,0.6237728051821378
8640,FEMALE,FEMALE,0.478751541032708
8658,FEMALE,FEMALE,0.24695579437650209
9780,MALE,MALE,0.6951822163767903
31,MALE,MALE,0.9797014925373135
10970,MALE,MALE,0.7848843257269941
1904,MALE,MALE,0.9913831622573828
1029,MALE,MALE,0.9924232135600007
874,MALE,MALE,0.9851134853386
3775,MALE,MALE,0.8687844161974086
9161,FEMALE,FEMALE,0.2268544114620571
10039,MALE,MALE,0.6271089455605813
5008,FEMALE,FEMALE,0.4208702344252846
11636,MALE,FEMALE,0.46370103061857754
9297,MALE,MALE,0.8390509830154679
2183,MALE,MALE,0.9656800748271336
8180,FEMALE,FEMALE,0.22877849524458305
8490,MALE,FEMALE,0.39049337910470977
4156,MALE,MALE,0.6042079512676277
2966,FEMALE,MALE,0.562007830934575
1802,MALE,MALE,0.9963410717081426
5928,MALE,MALE,0.7250574729041587
4601,MALE,MALE,0.9741366352848607
1242,MALE,MALE,0.9742247611638978
9961,FEMALE,MALE,0.5917825097525408
7190,FEMALE,FEMALE,0.3568628580475188
8809,MALE,FEMALE,0.38570358857805526
9322,MALE,MALE,0.8509803182916111
1366,MALE,MALE,0.9385274646755484
1866,MALE,MALE,0.9900513397855096
11801,FEMALE,FEMALE,0.2910942042411413
2454,MALE,MALE,0.9213269800470304
9848,MALE,MALE,0.5545327464278128
4962,MALE,MALE,0.7085249105873472
10286,MALE,MALE,0.5907978009068605
8267,FEMALE,FEMALE,0.21619651022794747
8373,FEMALE,FEMALE,0.2931885010082667
9796,MALE,MALE,0.6380103440148539
4484,FEMALE,FEMALE,0.3791246351092502
6959,MALE,FEMALE,0.4143760930894686
7035,FEMALE,FEMALE,0.263979500862852
4620,MALE,MALE,0.989923832100999
9930,MALE,MALE,0.7018586678778846
11742,MALE,MALE,0.582128975233645
9851,FEMALE,FEMALE,0.43780575093067503
4937,MALE,MALE,0.7735390307957367
8174,FEMALE,FEMALE,0.29501090931160784
6468,MALE,MALE,0.6433285681731641
6712,MALE,MALE,0.8879793140281883
11425,FEMALE,FEMALE,0.3105974402662911
9650,MALE,FEMALE,0.49952400029344063
4784,FEMALE,FEMALE,0.27323917023296646
678,MALE,MALE,0.9925994280142086
8250,MALE,MALE,0.7599808945497244
8364,MALE,MALE,0.8046171497671716
7896,MALE,FEMALE,0.3851040201499724
7142,MALE,MALE,0.9277424293230695
8968,FEMALE,MALE,0.5308458849114275
3937,FEMALE,FEMALE,0.4723548061346826
3266,MALE,MALE,0.9713280734066229
5532,MALE,MALE,0.732973640394669
2979,MALE,MALE,0.8695514581216399
10262,MALE,FEMALE,0.4350657037620051
3404,MALE,MALE,0.904872203909951
5801,MALE,MALE,0.9259129694343935
4260,MALE,MALE,0.9419242484966169
10354,MALE,FEMALE,0.41249210694103056
6003,FEMALE,FEMALE,0.2962753105418782
7040,MALE,MALE,0.9241258033039084
11453,MALE,MALE,0.6779567504823713
7091,MALE,MALE,0.5017547230454287
11173,MALE,FEMALE,0.4638222205172829
4443,MALE,MALE,0.6346126852421643
3819,MALE,MALE,0.9877281524341802
9360,MALE,MALE,0.7838849863788911
4629,MALE,MALE,0.9721732835859762
6854,MALE,FEMALE,0.4465576362720112
5022,MALE,MALE,0.6783809522650439
4779,MALE,MALE,0.503339561388671
7726,FEMALE,FEMALE,0.22703810119067364
5875,MALE,MALE,0.6451775866746604
8027,FEMALE,FEMALE,0.1786279707467801
715,FEMALE,MALE,0.5831862301368154
11154,FEMALE,FEMALE,0.35683269872547363
8673,MALE,MALE,0.6798452227345742
5138,MALE,MALE,0.8741724593193968
10732,FEMALE,FEMALE,0.27174102483017515
9710,FEMALE,FEMALE,0.2384107200409402
4296,FEMALE,FEMALE,0.3505747594175795
2009,MALE,MALE,0.9803429776162257
4078,MALE,MALE,0.655797424788896
7059,MALE,MALE,0.8483089788064392
8242,MALE,FEMALE,0.47673561390025077
11119,MALE,MALE,0.7301702587844328
187,MALE,MALE,0.9864528356700771
5382,MALE,MALE,0.7259168866032553
9341,FEMALE,FEMALE,0.38353068186158085
11279,FEMALE,FEMALE,0.39716507471282325
4652,MALE,MALE,0.5995140754051511
6176,FEMALE,FEMALE,0.4559770435737645
1877,MALE,MALE,0.9913600952477389
9708,FEMALE,FEMALE,0.47384661453645416
3372,MALE,MALE,0.8914571176091605
3386,FEMALE,FEMALE,0.3605540668339174
3684,MALE,MALE,0.6505435355627439
10430,FEMALE,FEMALE,0.23785305854971633
9188,FEMALE,FEMALE,0.341557885759679
7452,MALE,FEMALE,0.3936197212954661
4771,FEMALE,FEMALE,0.2276285270228998
2346,MALE,MALE,0.9171934714743645
42,MALE,MALE,0.8607320472320472
7175,MALE,MALE,0.7765587259532158
4053,MALE,MALE,0.7249726629016329
456,MALE,MALE,0.9991912972085386
1397,MALE,MALE,0.9663126403758179
1624,MALE,MALE,0.9834999412068849
276,MALE,MALE,0.9984463742276243
11118,FEMALE,FEMALE,0.23278698224126212
5125,MALE,MALE,0.6170528888538762
3175,MALE,MALE,0.9936756093712497
4232,MALE,FEMALE,0.48032491109966635
9112,FEMALE,FEMALE,0.20892627471134317
5964,MALE,MALE,0.8900515183689823
1198,FEMALE,FEMALE,0.29194819483143813
9631,FEMALE,FEMALE,0.4254270073639864
4190,MALE,MALE,0.8126707588233114
9094,FEMALE,FEMALE,0.3923562902252955
755,MALE,MALE,0.9931837195542553
10995,MALE,MALE,0.5999992008808203
2533,MALE,MALE,0.9690554000439675
9821,MALE,MALE,0.5559785760824899
8417,FEMALE,FEMALE,0.28175705123508604
11523,FEMALE,FEMALE,0.3009754119971831
2617,MALE,MALE,0.9003952260906373
1760,MALE,MALE,0.6717203980405878
5039,FEMALE,FEMALE,0.25911694885705117
10132,MALE,MALE,0.722806765264068
10889,MALE,FEMALE,0.4393775726167587
2170,MALE,MALE,0.9846620143664289
9062,MALE,MALE,0.7512583574758964
9015,MALE,MALE,0.7822440308319181
5338,FEMALE,FEMALE,0.3841611741785285
3760,MALE,MALE,0.964747743854776
8942,FEMALE,FEMALE,0.1679136450422652
3990,FEMALE,FEMALE,0.4121540845823794
5297,MALE,MALE,0.8354311991165482
7214,MALE,MALE,0.9228315478616935
6789,MALE,MALE,0.6080532554313822
2987,MALE,MALE,0.9486752040602865
10222,MALE,MALE,0.6565721781601109
1444,MALE,MALE,0.7730100687201639
5199,MALE,MALE,0.5637644477140138
5389,MALE,MALE,0.7735205186733016
4983,MALE,MALE,0.9733629892466711
4492,MALE,MALE,0.8948089133656693
9562,FEMALE,FEMALE,0.21466601003504643
4449,MALE,MALE,0.9648764026754274
2918,MALE,MALE,0.9368434016485783
912,MALE,MALE,0.9810419740665328
4157,FEMALE,FEMALE,0.30455232465558707
8171,MALE,MALE,0.8107946631350396
2455,MALE,MALE,0.9915247509372171
2839,MALE,MALE,0.9278259085317583
8863,FEMALE,FEMALE,0.20236688571445657
11865,FEMALE,FEMALE,0.28022817990919824
1873,MALE,MALE,0.9658600523378624
2167,MALE,MALE,0.9316805109974037
7975,FEMALE,FEMALE,0.31868998733509846
2645,MALE,MALE,0.9564935341020256
4311,FEMALE,FEMALE,0.3967606080164339
1591,MALE,MALE,0.9791592616998277
3752,MALE,MALE,0.767600125008766
6422,MALE,MALE,0.8526561408625142
6599,MALE,MALE,0.785030887974906
3924,MALE,MALE,0.6669616686970937
947,MALE,MALE,0.9595046095109668
11840,MALE,MALE,0.6229172181135708
4862,FEMALE,FEMALE,0.16234021000781237
5942,FEMALE,FEMALE,0.34793933261264776
8629,FEMALE,FEMALE,0.16072218519935902
6617,FEMALE,FEMALE,0.3156178826793249
1513,MALE,MALE,0.9837169505502463
1837,MALE,MALE,0.9319330425686952
7223,MALE,MALE,0.9169062127941353
3501,MALE,MALE,0.9856208675164768
5294,MALE,MALE,0.6853747154469011
10161,MALE,FEMALE,0.46211555983265057
11212,FEMALE,FEMALE,0.2396716011541831
2756,MALE,MALE,0.9985976812637459
7497,FEMALE,FEMALE,0.2475940492615873
618,MALE,MALE,0.9592361542620383
843,MALE,MALE,0.9928798663542012
1639,MALE,MALE,0.9614933591770548
3245,MALE,MALE,0.9982829959490607
11048,FEMALE,FEMALE,0.36214422960586035
441,MALE,MALE,0.9845370609837123
6788,MALE,MALE,0.7859823263832995
4759,FEMALE,FEMALE,0.2904244760171898
2176,MALE,MALE,0.9838688953573995
5019,FEMALE,FEMALE,0.45388315527869144
11772,FEMALE,FEMALE,0.21097967507964335
8899,FEMALE,FEMALE,0.3779543846209573
8670,MALE,MALE,0.7651463974430315
6713,FEMALE,FEMALE,0.3414474423832985
2777,MALE,MALE,0.9160818987697062
3880,MALE,MALE,0.9228314902976281
10220,FEMALE,FEMALE,0.2964911201168181
5615,MALE,MALE,0.6399391992588184
10787,FEMALE,FEMALE,0.27653810131992584
5570,FEMALE,FEMALE,0.29879485378678444
5264,FEMALE,FEMALE,0.4774966219330168
8850,MALE,MALE,0.7748482812244585
4556,FEMALE,FEMALE,0.4938087489079399
5658,MALE,MALE,0.5912836067318966
3585,MALE,MALE,0.8658736433840812
5940,FEMALE,FEMALE,0.30871816355106807
10319,FEMALE,FEMALE,0.27400674679579173
7763,MALE,FEMALE,0.46769650803202284
1425,MALE,MALE,0.6914850561822345
9457,FEMALE,FEMALE,0.1916669993278419
4667,MALE,MALE,0.6083374810518045
6435,MALE,MALE,0.8513532868981677
5670,FEMALE,FEMALE,0.27362875654983343
4931,FEMALE,FEMALE,0.1415066073895821
4406,MALE,MALE,0.6634459218077778
5887,MALE,MALE,0.8023464814690908
11892,MALE,MALE,0.6157624801715924
5200,MALE,MALE,0.855064463353292
6386,FEMALE,FEMALE,0.34659351671358757
3195,MALE,MALE,0.9128571669127514
125,MALE,MALE,0.9780348258706469
8947,MALE,MALE,0.5468128356054321
6381,MALE,MALE,0.9498458733271155
1973,MALE,MALE,0.9712477590039172
11056,FEMALE,FEMALE,0.3811141925048818
6072,MALE,MALE,0.8078630672428825
1554,MALE,MALE,0.9884079194359413
1252,MALE,MALE,0.9824299235637635
6004,FEMALE,FEMALE,0.3880263632155123
5719,MALE,MALE,0.6124359464523466
2067,MALE,MALE,0.9726633832565286
10441,MALE,FEMALE,0.2778070716077476
4802,FEMALE,FEMALE,0.21918790028469584
11436,MALE,MALE,0.6018373713588283
10357,MALE,FEMALE,0.3533244696232453
1739,MALE,MALE,0.9972508191213549
3843,MALE,MALE,0.8629995411866487
5466,MALE,MALE,0.8403010914136689
11372,FEMALE,FEMALE,0.39567001600172236
4811,FEMALE,MALE,0.5100101775188685
6498,MALE,MALE,0.9223492287288764
8877,FEMALE,FEMALE,0.2009577371590374
8980,MALE,MALE,0.5726130904649452
8845,MALE,MALE,0.8274429700560235
99,MALE,MALE,0.9993103448275862
3491,MALE,MALE,0.9268438004123154
1187,MALE,MALE,0.9802219426716945
3926,MALE,MALE,0.9176159658293824
3450,FEMALE,FEMALE,0.4479111377878284
7433,MALE,MALE,0.7594017272368991
1069,MALE,MALE,0.9868259977344542
10126,FEMALE,FEMALE,0.3951304264895353
201,MALE,MALE,0.977955079877437
2870,MALE,MALE,0.9061912563677096
5377,FEMALE,FEMALE,0.2038904843837795
5716,FEMALE,FEMALE,0.4767293868859392
10170,MALE,MALE,0.6119266179427322
8822,FEMALE,FEMALE,0.19992575831256243
2430,FEMALE,FEMALE,0.4388066749282011
6188,FEMALE,FEMALE,0.3141647178990177
3652,MALE,MALE,0.9952279189543242
2847,MALE,MALE,0.903543638422487
4493,MALE,MALE,0.6910029401536129
8984,FEMALE,FEMALE,0.42497423120721634
1724,MALE,MALE,0.9963046222249291
9807,FEMALE,FEMALE,0.4131328461364385
9771,MALE,MALE,0.7611583734587672
117,MALE,MALE,0.9328174603174603
7521,MALE,FEMALE,0.4193973373233337
6453,MALE,MALE,0.9246517811891508
11670,MALE,MALE,0.5395794550621811
890,MALE,MALE,0.9921598534086808
11207,MALE,MALE,0.6393074227479318
6932,FEMALE,FEMALE,0.30497760652478695
654,MALE,MALE,0.9955460224257128
8791,FEMALE,FEMALE,0.4120785340592849
11492,MALE,MALE,0.7261248786817108
9273,FEMALE,FEMALE,0.2250949301561594
7197,FEMALE,FEMALE,0.3067072063326085
1964,MALE,MALE,0.9697529019928168
4755,FEMALE,FEMALE,0.30146015278513105
5985,MALE,FEMALE,0.48020271466263703
2899,MALE,MALE,0.9174154171426614
9559,FEMALE,FEMALE,0.2018011017609753
3771,MALE,MALE,0.7176764487679909
6000,MALE,MALE,0.9389757769855747
9677,MALE,MALE,0.5478525202033164
11115,MALE,MALE,0.7624481592458138
7472,MALE,MALE,0.732800840233261
2825,FEMALE,FEMALE,0.30894002556735034
11709,FEMALE,FEMALE,0.20541442941303786
11786,MALE,MALE,0.6184917048680432
11692,MALE,MALE,0.5639366994114969
2876,FEMALE,FEMALE,0.4086715692139558
10446,FEMALE,FEMALE,0.36904580114041413
9175,FEMALE,FEMALE,0.41627138595796154
6745,FEMALE,FEMALE,0.2985911751028901
11443,FEMALE,FEMALE,0.4371463442687497
8939,FEMALE,FEMALE,0.2264066963813256
7495,MALE,MALE,0.8444483458067141
1925,MALE,MALE,0.9871707811683251
10577,FEMALE,FEMALE,0.2575876747645845
2900,FEMALE,MALE,0.5989493074567025
530,MALE,MALE,0.9580833333333334
1569,MALE,MALE,0.926617461287045
1838,FEMALE,MALE,0.5869446539488409
1946,MALE,MALE,0.9951728545316307
3914,FEMALE,FEMALE,0.4156458526978988
5548,MALE,MALE,0.6311711047508595
7273,MALE,MALE,0.8402774599393994
8896,FEMALE,FEMALE,0.17321352281016172
6647,FEMALE,FEMALE,0.31321900706188777
11857,FEMALE,FEMALE,0.28456142914262883
5798,MALE,FEMALE,0.4410946725228385
8316,FEMALE,FEMALE,0.3104330922134641
521,MALE,MALE,0.9987576551247261
6928,FEMALE,FEMALE,0.3522570808218537
1929,MALE,MALE,0.9903078094418452
6425,FEMALE,FEMALE,0.26287897454725084
6685,MALE,FEMALE,0.47971134316578107
6475,FEMALE,FEMALE,0.28079600046015163
4642,MALE,MALE,0.5506220995935
8744,MALE,MALE,0.6672323142825682
2933,MALE,MALE,0.9306441218335475
10728,FEMALE,FEMALE,0.3079846651514176
7743,FEMALE,FEMALE,0.4481870406988247
7710,MALE,MALE,0.7075338116876562
929,MALE,MALE,0.9973243817084452
8840,FEMALE,FEMALE,0.21044025012670098
2426,MALE,MALE,0.9507322828408243
2820,MALE,MALE,0.9527152828836455
3867,MALE,MALE,0.7725823700254285
779,MALE,MALE,0.9723359040070357
417,MALE,MALE,0.9776657782515993
7295,MALE,FEMALE,0.48194925373906405
6465,FEMALE,FEMALE,0.28674604811440974
2985,MALE,MALE,0.9360073706399477
1512,MALE,MALE,0.9922746986457508
4622,FEMALE,FEMALE,0.2219906018106056
9097,MALE,MALE,0.8164842804224467
6925,MALE,MALE,0.8133238605492743
6331,FEMALE,FEMALE,0.2924950605769931
9023,MALE,MALE,0.6296143669381823
1702,MALE,MALE,0.9984964671447152
4559,MALE,MALE,0.627218524065825
9178,MALE,MALE,0.7387202985546686
11800,FEMALE,FEMALE,0.2993550738063587
9653,FEMALE,FEMALE,0.24780192873012002
1085,MALE,MALE,0.9984964671447152
655,MALE,MALE,0.992635741652983
543,FEMALE,MALE,0.5902854412659143
11921,FEMALE,FEMALE,0.40956878318591916
6416,MALE,MALE,0.9438057961854157
10260,MALE,MALE,0.6407340529366577
10409,FEMALE,FEMALE,0.2572083918583074
1260,MALE,MALE,0.9884077993157595
1954,MALE,MALE,0.9609272593256923
5981,FEMALE,FEMALE,0.4955609328879411
4060,MALE,MALE,0.5623439894402924
11812,FEMALE,FEMALE,0.31168467899051283
535,MALE,MALE,0.9716640622289335
8184,FEMALE,FEMALE,0.24361805801278183
6394,MALE,FEMALE,0.4941114754535917
6669,MALE,MALE,0.9441838102207655
1281,MALE,MALE,0.962909755847835
501,MALE,MALE,0.9949206400768198
8697,FEMALE,FEMALE,0.14798985755199587
7909,FEMALE,FEMALE,0.2268592390776643
3455,MALE,MALE,0.6772662079922815
11777,FEMALE,FEMALE,0.23621956653064077
2392,MALE,MALE,0.9416819700543888
4539,MALE,MALE,0.5730579602772371
4973,MALE,FEMALE,0.3194195681516283
2088,MALE,MALE,0.9831878773111451
2689,MALE,MALE,0.9880017667432475
5872,MALE,MALE,0.6115776930214557
4427,FEMALE,FEMALE,0.45644147052336254
3951,MALE,MALE,0.6787781623531899
7690,MALE,MALE,0.7948242636879111
9141,MALE,FEMALE,0.3827341621170674
7657,MALE,MALE,0.8126160724827882
9439,FEMALE,FEMALE,0.18196503421889834
1546,MALE,MALE,0.9549509758687406
10422,FEMALE,FEMALE,0.2812194499305286
1788,MALE,MALE,0.9930087704419444
2078,MALE,MALE,0.9976541248023729
2687,FEMALE,MALE,0.536619553379063
11005,MALE,FEMALE,0.467423208063258
5148,FEMALE,FEMALE,0.2229600917815293
4433,MALE,MALE,0.8832693389710304
3736,MALE,MALE,0.9528548401820364
7501,FEMALE,FEMALE,0.2736626007437789
7397,MALE,MALE,0.6049558965920386
2502,MALE,MALE,0.9570612021246085
419,MALE,MALE,0.9731635776591134
2841,MALE,MALE,0.5617631199234565
7420,FEMALE,FEMALE,0.35452885953829066
859,MALE,MALE,0.6634388701250216
8916,FEMALE,FEMALE,0.23477011392031616
3346,MALE,MALE,0.9317361200108494
10086,FEMALE,FEMALE,0.4208259801426444
2451,MALE,MALE,0.9522602112568813
7936,MALE,MALE,0.7493084086479571
7681,FEMALE,FEMALE,0.3378422465141932
1188,MALE,MALE,0.9971398426448578
9945,MALE,MALE,0.6179333034033346
3045,MALE,MALE,0.7701148615361662
5715,MALE,MALE,0.9291670654100959
11731,MALE,MALE,0.6677865821545345
1016,MALE,MALE,0.9952315248655177
4756,MALE,MALE,0.9215458916147906
236,MALE,MALE,0.9991912972085386
10872,FEMALE,FEMALE,0.2936015513825376
30,MALE,MALE,0.9980484400656815
6299,FEMALE,FEMALE,0.31079583639383246
3679,MALE,MALE,0.9576828018158318
7576,MALE,MALE,0.5015874600676945
11246,FEMALE,FEMALE,0.4259890789515351
8634,MALE,MALE,0.7779669445445647
5955,MALE,MALE,0.6403030072954959
7467,MALE,FEMALE,0.4528722504704348
11113,FEMALE,MALE,0.5525107504919458
7063,MALE,MALE,0.7105207505375492
2705,MALE,MALE,0.924066831708695
2326,FEMALE,FEMALE,0.22882565906340824
10366,FEMALE,FEMALE,0.3109945040756202
6326,FEMALE,FEMALE,0.2717604670980822
2626,MALE,MALE,0.9237131240469213
10819,MALE,FEMALE,0.4082997714866491
10753,MALE,FEMALE,0.49809597241158754
5539,MALE,MALE,0.912811003058559
1503,MALE,MALE,0.9899526860572672
2221,MALE,MALE,0.9337094819911685
3435,MALE,MALE,0.9953263156314773
4114,MALE,MALE,0.8188518378847657
6700,MALE,MALE,0.8848087601312409
4505,FEMALE,FEMALE,0.36911424955962957
5029,MALE,MALE,0.8785808900643909
2790,MALE,MALE,0.9760980849357506
284,FEMALE,MALE,0.5415038482350981
3745,MALE,MALE,0.9836020744261065
609,MALE,MALE,0.9727370131102794
68,MALE,MALE,0.9280348258706469
2697,MALE,MALE,0.9283495341819035
10764,FEMALE,FEMALE,0.33112556384514436
9210,MALE,FEMALE,0.3868947258334838
7552,MALE,FEMALE,0.44449020960894886
5522,FEMALE,FEMALE,0.43607450921625
11490,FEMALE,FEMALE,0.29750278862851315
3051,MALE,MALE,0.8908403356682961
378,FEMALE,FEMALE,0.2475105900994924
1268,MALE,MALE,0.9438316625876105
3790,MALE,MALE,0.7877050414873998
7771,FEMALE,FEMALE,0.19394336072192814
10284,MALE,FEMALE,0.38666003103108243
1919,MALE,MALE,0.9847075573959951
6981,FEMALE,FEMALE,0.34115731366626456
5066,MALE,MALE,0.904509902701189
2120,MALE,MALE,0.9962552447552447
11214,FEMALE,FEMALE,0.24844957980932525
10072,FEMALE,FEMALE,0.4387308122922413
3097,MALE,MALE,0.7815140682189491
7353,MALE,MALE,0.9295618739853865
314,MALE,MALE,0.9984463742276243
3714,MALE,MALE,0.9772333624637706
3428,MALE,MALE,0.9966632329540854
4412,FEMALE,FEMALE,0.4900791937543774
4910,FEMALE,FEMALE,0.3095062136131572
6516,MALE,MALE,0.9145766373711384
213,MALE,MALE,0.9682011553683689
9247,FEMALE,FEMALE,0.24640540719956822
11215,MALE,MALE,0.7747620102492683
6718,MALE,MALE,0.9389955291549161
2794,MALE,MALE,0.9720821751495664
9598,MALE,MALE,0.5467797845713767
6216,MALE,MALE,0.9218124200040901
10460,FEMALE,FEMALE,0.3689983703103746
11570,MALE,FEMALE,0.4875526822786813
7508,MALE,MALE,0.7842596505227959
9348,FEMALE,FEMALE,0.22644517242820822
6949,FEMALE,FEMALE,0.300624310622517
7610,FEMALE,FEMALE,0.25124123750057104
2034,MALE,MALE,0.9778523658661868
7628,MALE,MALE,0.6616181740629113
289,MALE,MALE,0.9152571074026425
10476,FEMALE,FEMALE,0.25851707183410577
1217,MALE,MALE,0.9893726350727876
5949,MALE,MALE,0.5581966724723009
382,MALE,MALE,0.9995824449182659
2337,MALE,MALE,0.9087839619745673
11168,MALE,FEMALE,0.49580390014319115
11518,MALE,MALE,0.5428983252112828
11347,MALE,MALE,0.7206146530189577
2363,MALE,MALE,0.9469536242989719
9296,MALE,MALE,0.8236842428862312
9899,FEMALE,FEMALE,0.39227928190614947
3295,MALE,MALE,0.9834258986463936
2931,MALE,MALE,0.9648336328479946
10229,FEMALE,FEMALE,0.3889983512952621
1897,MALE,MALE,0.9982449475227027
6234,FEMALE,FEMALE,0.24042593000840815
10919,FEMALE,FEMALE,0.30043632059960595
3132,MALE,MALE,0.9792531081703977
9879,MALE,MALE,0.5424078390636207
5471,MALE,MALE,0.7740557023071046
9636,FEMALE,FEMALE,0.2937446593351916
10160,FEMALE,FEMALE,0.40490612194401365
2190,MALE,MALE,0.9907964611393106
3838,FEMALE,MALE,0.5757711745870177
5848,MALE,MALE,0.6586647533946405
10358,FEMALE,FEMALE,0.24958767971081408
1167,MALE,MALE,0.9922137609204873
11660,MALE,MALE,0.5910253016566986
1457,MALE,MALE,0.964648528555299
8400,MALE,MALE,0.8725960735501475
8049,MALE,MALE,0.8250119318578224
10002,MALE,MALE,0.7865150916897967
2079,MALE,MALE,0.9770747783825091
6967,FEMALE,FEMALE,0.313179972563042
690,MALE,MALE,0.9469652483722293
9007,FEMALE,FEMALE,0.44239373338153326
11439,FEMALE,FEMALE,0.45717291427503537
1926,MALE,MALE,0.9607531496281494
6306,MALE,MALE,0.9027107693193748
6593,MALE,MALE,0.9427494345756285
1524,MALE,MALE,0.9318189185028808
8465,FEMALE,FEMALE,0.2327659438608278
5331,MALE,MALE,0.7069370885400281
685,MALE,MALE,0.9904467200867613
7148,FEMALE,FEMALE,0.3690195974618115
4380,MALE,MALE,0.7504033281678317
9095,FEMALE,FEMALE,0.4612799283090003
5309,FEMALE,FEMALE,0.30937818201073747
3340,MALE,MALE,0.7158156992379938
9182,FEMALE,FEMALE,0.2365548284302755
165,MALE,MALE,0.9104031349057684
7311,FEMALE,FEMALE,0.3897004226750563
3112,MALE,MALE,0.9950859310160927
5576,FEMALE,FEMALE,0.4012817121407909
5481,MALE,MALE,0.8739578532675972
9111,FEMALE,FEMALE,0.420153805372481
6693,MALE,MALE,0.9017531608628211
4552,MALE,MALE,0.7083108813886126
3076,MALE,MALE,0.7823013542015202
8429,MALE,MALE,0.7862864520993373
5755,MALE,MALE,0.6915920834886478
1935,MALE,MALE,0.9970626745859227
1785,MALE,MALE,0.9933811510285726
8807,FEMALE,FEMALE,0.4314929794104749
142,MALE,MALE,0.9026631890879517
53,MALE,MALE,0.9510134196988526
3361,MALE,MALE,0.9435937718004554
52,MALE,MALE,0.9891880996801707
5559,MALE,MALE,0.8041195575020457
7658,MALE,MALE,0.6360934702484056
5600,MALE,MALE,0.6407656469852958
5290,MALE,MALE,0.5144462364407962
916,MALE,MALE,0.9909081849726611
1516,MALE,MALE,0.9858493531365288
10697,MALE,FEMALE,0.3907793791554574
7006,MALE,FEMALE,0.37820894307357306
11289,MALE,MALE,0.7618512804187785
11072,MALE,MALE,0.6731777714412762
2482,FEMALE,MALE,0.5699930786892891
469,FEMALE,FEMALE,0.24602876827086814
7276,MALE,MALE,0.7848784165067058
7987,MALE,MALE,0.7672843047057983
8046,FEMALE,FEMALE,0.4482629515958938
6039,MALE,MALE,0.6996426980477208
9034,FEMALE,FEMALE,0.22812363973428085
5480,FEMALE,FEMALE,0.3013795924260494
5765,FEMALE,FEMALE,0.4315511543110041
5057,FEMALE,FEMALE,0.3705745484095669
9470,MALE,MALE,0.5237301266040815
5102,MALE,MALE,0.6108188223125149
8401,FEMALE,FEMALE,0.22208400407382406
7925,FEMALE,FEMALE,0.2978167172443417
11811,MALE,MALE,0.6017511095166413
9286,FEMALE,MALE,0.528611666943251
1175,MALE,MALE,0.9773845809271273
3182,FEMALE,MALE,0.6089765065618513
6184,MALE,MALE,0.6058035520286466
7015,MALE,FEMALE,0.47688158472553005
1690,MALE,MALE,0.8890253025719212
8044,MALE,MALE,0.8770766668520507
2322,MALE,MALE,0.9190935711668594
3893,FEMALE,MALE,0.5024913181067057
11338,FEMALE,FEMALE,0.3926747187230621
1712,MALE,MALE,0.9940732360334422
11791,FEMALE,FEMALE,0.37269233265234414
7993,MALE,MALE,0.5419754970797108
8977,MALE,MALE,0.8171018605931049
1369,MALE,MALE,0.9889274470098165
5710,MALE,MALE,0.7045248730036093
538,MALE,MALE,0.9792296901752718
2184,MALE,MALE,0.9791847773783803
7561,MALE,MALE,0.9484739444038816
6332,MALE,MALE,0.7648258060281742
8889,FEMALE,FEMALE,0.15970586133622588
2439,MALE,MALE,0.9851929463230147
5597,FEMALE,FEMALE,0.3769251762587412
11916,FEMALE,FEMALE,0.2429812395835852
9891,MALE,MALE,0.7514337280667703
8701,FEMALE,FEMALE,0.4891347460126015
5568,MALE,MALE,0.812676559027871
477,MALE,MALE,0.9712522642020158
4408,FEMALE,FEMALE,0.3296653708293526
2383,MALE,MALE,0.9369970508008835
11575,MALE,MALE,0.5970124641325752
4043,MALE,MALE,0.9588898871815771
10250,FEMALE,FEMALE,0.41574360524775905
5701,MALE,MALE,0.8586541127218217
2668,MALE,MALE,0.924149316427346
6954,FEMALE,FEMALE,0.2803654779199828
1344,MALE,MALE,0.9689714831459141
6439,FEMALE,FEMALE,0.323798414011661
5907,MALE,MALE,0.5714374153698497
9779,MALE,FEMALE,0.43316282103945525
1565,MALE,MALE,0.9934330323855391
9853,MALE,MALE,0.7771421111754517
6710,FEMALE,FEMALE,0.40772413905278504
937,MALE,MALE,0.9537660789467874
4131,FEMALE,FEMALE,0.4284635368718991
2656,MALE,MALE,0.9613574168586956
10909,MALE,FEMALE,0.4508731615499133
11379,MALE,MALE,0.7452190749049941
124,MALE,MALE,0.9919934838640195
1553,MALE,MALE,0.9368286153939179
86,FEMALE,FEMALE,0.39896895524496145
10962,MALE,FEMALE,0.44742391064819487
1683,MALE,MALE,0.9468809860303814
6443,FEMALE,MALE,0.6511935834917005
10592,MALE,MALE,0.6523443466010405
11294,MALE,MALE,0.7684643580287193
10101,MALE,MALE,0.7105399018449962
5013,FEMALE,FEMALE,0.4322072917577254
11513,FEMALE,FEMALE,0.4431467927370531
6952,FEMALE,FEMALE,0.38042108455178236
6442,MALE,MALE,0.7706303374483544
6727,MALE,MALE,0.7198125109957352
807,MALE,MALE,0.9629862495141945
1671,MALE,MALE,0.9827604194721369
4033,FEMALE,FEMALE,0.3820317240004208
7181,MALE,MALE,0.9253613301482843
8279,MALE,MALE,0.9425683070103772
1559,MALE,MALE,0.9920767099922759
10248,FEMALE,FEMALE,0.3240173652301085
1576,MALE,MALE,0.9929550353067934
9537,FEMALE,FEMALE,0.20210574060138484
10318,FEMALE,MALE,0.5208524529051162
6943,MALE,MALE,0.7760108992754159
461,MALE,MALE,0.8538400594312309
518,MALE,MALE,0.9706763898528656
3511,FEMALE,FEMALE,0.3281328226730743
8841,MALE,MALE,0.7409057637090131
1836,MALE,MALE,0.994694163061234
11165,MALE,FEMALE,0.477708662047953
4054,MALE,MALE,0.6076563601904256
2786,MALE,MALE,0.9484528589531611
1223,MALE,MALE,0.7953704248423951
10742,FEMALE,FEMALE,0.3216175643994601
10594,FEMALE,FEMALE,0.2737740334109976
1340,MALE,MALE,0.9961748309790625
9726,MALE,MALE,0.5098750316545432
11461,MALE,MALE,0.6236335409019802
1981,MALE,MALE,0.9825940296042517
551,MALE,MALE,0.982745801918158
9249,FEMALE,FEMALE,0.40109781043040044
4056,FEMALE,FEMALE,0.3703076278110423
1580,MALE,MALE,0.9825669799652279
7275,MALE,MALE,0.907179313709588
6483,MALE,MALE,0.5805106016083181
532,MALE,MALE,0.9886979995043559
178,MALE,MALE,0.9390076551247262
7767,FEMALE,MALE,0.5604270161300807
6249,MALE,MALE,0.541634779683127
2991,MALE,MALE,0.8377793878561017
1868,MALE,MALE,0.9484726948340763
3146,MALE,MALE,0.9669729004969628
1480,MALE,MALE,0.9940832408717803
5096,MALE,MALE,0.5550740128339156
3220,MALE,MALE,0.9952262603824178
1285,MALE,MALE,0.9854748416283944
3567,MALE,MALE,0.9326914010155026
2718,MALE,MALE,0.9234912094387014
9722,MALE,MALE,0.7676072049619458
5957,MALE,MALE,0.8471802695233156
6639,MALE,MALE,0.5133657424388425
11652,MALE,MALE,0.5184374550743792
10671,MALE,MALE,0.5665439995957958
8621,FEMALE,FEMALE,0.1581892882223213
9843,MALE,MALE,0.5025765010852415
8149,FEMALE,FEMALE,0.2313320330759404
4153,MALE,MALE,0.6928858209652895
8509,MALE,MALE,0.7197255861069557
8286,MALE,MALE,0.8807013652679178
10761,FEMALE,FEMALE,0.308078448832412
11596,FEMALE,FEMALE,0.3696720849203817
10163,MALE,MALE,0.6216112967842186
4970,MALE,MALE,0.9185061551477305
7611,MALE,MALE,0.7656225082403467
3946,MALE,MALE,0.8785549704703063
2491,MALE,MALE,0.9461278394716582
11767,FEMALE,FEMALE,0.37533401207960937
8269,MALE,FEMALE,0.3637882006676523
2605,MALE,MALE,0.9081979670807224
11540,FEMALE,FEMALE,0.3889537958946883
7372,MALE,MALE,0.7915382748744184
641,FEMALE,FEMALE,0.30287676235413924
11790,MALE,MALE,0.5929120988503516
6189,FEMALE,MALE,0.5399935656037171
5104,MALE,MALE,0.7794856291177221
11459,FEMALE,FEMALE,0.4022754649167984
1474,FEMALE,FEMALE,0.3413077464953571
9079,MALE,MALE,0.6751338440030917
7770,FEMALE,FEMALE,0.256424859809054
6857,FEMALE,FEMALE,0.36311512080844366
11200,FEMALE,FEMALE,0.26592435177311213
3767,MALE,MALE,0.9775400179392324
1882,MALE,MALE,0.997241246014494
343,MALE,MALE,0.9605411334519545
10946,MALE,FEMALE,0.46086128060243325
7775,FEMALE,FEMALE,0.2408862031824053
11749,FEMALE,FEMALE,0.36986275362438
778,MALE,MALE,0.9949645842973102
950,MALE,MALE,0.9988632572431958
4314,FEMALE,FEMALE,0.4294239122028231
2923,MALE,MALE,0.8576172497669492
7232,MALE,MALE,0.5102944548837887
9081,MALE,FEMALE,0.4911388564411452
4286,FEMALE,FEMALE,0.3353362276043036
8190,MALE,MALE,0.717090898705882
7589,FEMALE,FEMALE,0.2828227448902515
11046,MALE,MALE,0.6817219804789475
5980,MALE,MALE,0.8689213904229244
2782,MALE,MALE,0.9777186437526173
7905,MALE,MALE,0.6651777361959341
11241,MALE,MALE,0.721901051271249
11487,MALE,MALE,0.5922472752097336
1708,MALE,MALE,0.9911014799856076
10179,MALE,MALE,0.5782813220016716
5068,MALE,MALE,0.7717192290087644
4127,FEMALE,FEMALE,0.3196177836047391
7540,FEMALE,FEMALE,0.2791664379667007
10755,FEMALE,FEMALE,0.28308748040094467
8441,MALE,MALE,0.5562424815795679
344,MALE,MALE,0.9474049696907906
9219,MALE,MALE,0.7523739996373496
9403,MALE,MALE,0.6581275321907347
11234,FEMALE,FEMALE,0.38692666313911145
5020,FEMALE,FEMALE,0.2722075881005293
11085,FEMALE,FEMALE,0.1986482497140196
2883,MALE,MALE,0.9679216661048897
4879,MALE,MALE,0.5392454753602756
1687,MALE,MALE,0.9962135719524121
2171,MALE,MALE,0.9820656663301703
3695,MALE,MALE,0.9495063878754095
4050,MALE,MALE,0.8230775839589609
9576,MALE,MALE,0.5644577762438296
1562,MALE,MALE,0.9980507765787984
8743,FEMALE,FEMALE,0.1543109770323455
7971,FEMALE,FEMALE,0.20213337926389624
4691,FEMALE,FEMALE,0.37689898256133536
10584,FEMALE,FEMALE,0.38892547161405916
6295,FEMALE,FEMALE,0.3878665512049166
9160,FEMALE,FEMALE,0.2267241338867665
6291,FEMALE,MALE,0.6786391021619805
10407,FEMALE,FEMALE,0.2762045724188998
6635,FEMALE,FEMALE,0.3682064860528616
10659,FEMALE,FEMALE,0.3987116606030291
10020,FEMALE,MALE,0.5099209752129146
4154,FEMALE,FEMALE,0.3298214548108414
435,MALE,MALE,0.9905887041949544
2038,MALE,MALE,0.9518855487337956
10035,MALE,MALE,0.7690125077942105
11353,MALE,MALE,0.6042158005575129
11416,FEMALE,FEMALE,0.4289808560459011
8820,MALE,MALE,0.7239942123272407
8041,FEMALE,FEMALE,0.26634468619502694
2940,MALE,MALE,0.9683063628170219
9156,MALE,MALE,0.624517089996017
7644,FEMALE,FEMALE,0.3199633330491297
3180,MALE,MALE,0.9204623835146386
5263,MALE,MALE,0.7191551930772313
6015,FEMALE,FEMALE,0.3185575496436704
8447,FEMALE,FEMALE,0.377285834432776
9278,FEMALE,FEMALE,0.29970301145464034
9970,FEMALE,FEMALE,0.37920234744057985
10999,FEMALE,FEMALE,0.3519469383064317
3431,MALE,MALE,0.9080653906647926
3300,MALE,MALE,0.9577264925793455
5551,MALE,MALE,0.9124487370781759
10084,FEMALE,FEMALE,0.37620264586785696
10558,FEMALE,FEMALE,0.3039321399751344
8690,FEMALE,FEMALE,0.19572626816157804
9621,MALE,MALE,0.5068555187432799
10772,FEMALE,FEMALE,0.30495668926099
4277,FEMALE,FEMALE,0.3517604389179947
11016,FEMALE,FEMALE,0.307132502832293
915,MALE,MALE,0.9688578101667723
8738,FEMALE,FEMALE,0.1947304797717167
10355,MALE,FEMALE,0.43675284918978863
9898,FEMALE,FEMALE,0.43883257338231174
8915,MALE,MALE,0.7448729099929574
8833,MALE,MALE,0.8884139892971106
397,MALE,MALE,0.9984463742276243
3026,FEMALE,FEMALE,0.3353449640276516
6822,MALE,MALE,0.8766978799807339
3640,MALE,MALE,0.8770593606089004
10317,MALE,MALE,0.5208524529051162
9376,FEMALE,FEMALE,0.49471716696609186
9123,MALE,FEMALE,0.424588230235951
9587,FEMALE,FEMALE,0.3458084182334265
1146,MALE,MALE,0.9573844437012944
10034,FEMALE,FEMALE,0.35253120254228326
10822,FEMALE,FEMALE,0.191838041721608
7780,FEMALE,FEMALE,0.20485586985689172
11757,FEMALE,FEMALE,0.20629398308005686
10951,FEMALE,FEMALE,0.2827775497574196
3075,MALE,MALE,0.8901066894580709
9501,FEMALE,FEMALE,0.1723585434448921
3815,MALE,MALE,0.9850572258866417
8087,MALE,MALE,0.6516440136464126
3443,MALE,MALE,0.8137522995460987
4886,MALE,MALE,0.5356243837985724
9303,FEMALE,FEMALE,0.25486483254810177
9774,FEMALE,FEMALE,0.478998795201786
1815,FEMALE,FEMALE,0.37921650913732946
8527,FEMALE,FEMALE,0.250589144829545
11322,MALE,MALE,0.6953305007089584
9087,FEMALE,FEMALE,0.19882147081996865
7641,MALE,FEMALE,0.43685688984210147
748,MALE,MALE,0.9756564747844024
7526,FEMALE,FEMALE,0.3526746228454359
7113,MALE,MALE,0.5329208989953103
840,MALE,MALE,0.9824299235637635
4972,FEMALE,FEMALE,0.29360618050667014
3246,MALE,MALE,0.9381064360681194
10067,FEMALE,FEMALE,0.34428439313697906
135,MALE,MALE,0.9797111465153779
10837,FEMALE,FEMALE,0.29836852647522855
4807,FEMALE,FEMALE,0.22489808477927734
4319,MALE,MALE,0.9332416796067982
3134,MALE,MALE,0.9951792867927199
11170,MALE,MALE,0.5443072342333107
3834,MALE,MALE,0.9651971716145573
4129,MALE,FEMALE,0.4753214835254475
11489,FEMALE,FEMALE,0.3392258219050175
2580,MALE,MALE,0.9286006510070817
4953,FEMALE,FEMALE,0.26758487331977254
9937,MALE,MALE,0.7548058489130001
2711,MALE,MALE,0.9910784873376706
5773,MALE,MALE,0.5897277474512044
7045,MALE,MALE,0.9491811947823863
8207,MALE,MALE,0.8902006040977607
2951,MALE,MALE,0.8877406108241794
7723,FEMALE,FEMALE,0.44160615517931645
868,MALE,MALE,0.9956657381160353
4698,MALE,FEMALE,0.4579195395662234
3930,MALE,MALE,0.6838855028329285
234,MALE,MALE,0.9592963252775754
7706,MALE,MALE,0.7861440494255315
766,MALE,MALE,0.9698690476190476
6460,FEMALE,FEMALE,0.3815721831904526
5214,MALE,MALE,0.6858031071577646
6706,FEMALE,FEMALE,0.331959140171857
7369,MALE,MALE,0.5344366243839602
2559,MALE,MALE,0.902712699010215
10459,FEMALE,FEMALE,0.30821152682609865
2864,MALE,MALE,0.8959637183482104
1182,MALE,MALE,0.996760504694467
2421,MALE,MALE,0.9563436073002791
1772,FEMALE,FEMALE,0.30946191030883385
2518,MALE,MALE,0.9676808442878211
8546,MALE,MALE,0.6053194183885868
7796,MALE,MALE,0.7070658737206611
4516,FEMALE,FEMALE,0.3300582808067706
833,MALE,MALE,0.9717368792340605
1797,MALE,MALE,0.9917459079508342
9724,FEMALE,FEMALE,0.24201969743701565
3267,MALE,MALE,0.9963406213837354
9995,MALE,MALE,0.6473697591033094
11166,FEMALE,FEMALE,0.4579467572860482
10076,FEMALE,FEMALE,0.37436052261081093
11688,MALE,MALE,0.6353979846492613
6283,MALE,MALE,0.5481098091635667
5986,MALE,MALE,0.6401043163400264
4258,FEMALE,FEMALE,0.3718455908864778
3325,MALE,MALE,0.8845683659460473
9583,FEMALE,FEMALE,0.21785260799884884
10012,MALE,MALE,0.8164857346519259
3916,MALE,MALE,0.9404204011736788
10561,FEMALE,FEMALE,0.29273490809712005
1972,MALE,MALE,0.9984485038515255
731,MALE,MALE,0.9892470572731163
9833,FEMALE,FEMALE,0.4119454736205803
7264,FEMALE,MALE,0.585434957203261
35,MALE,MALE,0.8102193263987519
1192,MALE,MALE,0.9807083289680802
8542,MALE,MALE,0.85482729686237
6463,FEMALE,FEMALE,0.323979250805387
10157,MALE,MALE,0.6199379109715933
6616,MALE,MALE,0.9184263769695111
4952,FEMALE,FEMALE,0.21208850186067188
3512,FEMALE,MALE,0.5889219694775489
6668,FEMALE,MALE,0.6104988719163588
1737,MALE,MALE,0.9949973903578233
11139,FEMALE,FEMALE,0.4444458129496337
7220,FEMALE,MALE,0.5591233428391824
3919,FEMALE,FEMALE,0.389831302241248
2147,MALE,MALE,0.9853887930727552
1336,MALE,MALE,0.9943870996603477
2453,FEMALE,MALE,0.5128972887274346
2349,MALE,MALE,0.9835515730852147
3282,MALE,MALE,0.9529092305385474
8331,MALE,MALE,0.895697424667055
10098,MALE,MALE,0.694196334301105
2760,MALE,MALE,0.9861706745747828
7996,FEMALE,FEMALE,0.1813814965425754
2394,MALE,MALE,0.9867395043533446
2747,MALE,MALE,0.9083382638174963
9317,FEMALE,FEMALE,0.1913369773280837
11732,FEMALE,FEMALE,0.43129944413978377
8407,MALE,MALE,0.8056696692530371
9513,MALE,MALE,0.5976924766588366
10192,FEMALE,FEMALE,0.3029824083697331
11876,FEMALE,FEMALE,0.31398192616294446
1103,MALE,MALE,0.9958865130635853
6440,MALE,MALE,0.9511315876128298
10151,MALE,MALE,0.731136462691557
3688,MALE,MALE,0.7563381044873099
1662,MALE,MALE,0.9980353249691484
291,MALE,MALE,0.9512909272343778
11606,MALE,MALE,0.6340800654170118
232,MALE,MALE,0.9974063037733748
4627,FEMALE,FEMALE,0.3366253862354528
2489,MALE,MALE,0.9434421709465678
2871,MALE,MALE,0.8975341493161855
8495,FEMALE,FEMALE,0.3681823763660466
4714,MALE,MALE,0.8513022830119624
8819,FEMALE,FEMALE,0.43727479038245354
9841,FEMALE,FEMALE,0.32443164281650794
8325,FEMALE,FEMALE,0.2908223063960381
3978,MALE,MALE,0.8671911150447188
7963,FEMALE,FEMALE,0.4529995202788461
11696,MALE,MALE,0.5782139737067424
9456,MALE,MALE,0.7890842188725675
8538,FEMALE,FEMALE,0.17862908844141426
8811,FEMALE,FEMALE,0.23503586308148133
6495,MALE,MALE,0.5894287426031
4350,MALE,MALE,0.8700159703690068
7866,FEMALE,MALE,0.5962628434176308
3821,MALE,MALE,0.9545964839144675
3215,MALE,MALE,0.9814814828803261
8705,FEMALE,FEMALE,0.16239999984470846
5195,MALE,MALE,0.7380885096256862
7696,MALE,MALE,0.819862922210485
8582,FEMALE,FEMALE,0.4958639246502798
9486,MALE,MALE,0.7205532360953371
9363,MALE,MALE,0.6354844207782461
5082,MALE,MALE,0.9328743489091808
4372,MALE,MALE,0.8244312804320053
9698,FEMALE,FEMALE,0.34898122827541656
196,MALE,MALE,0.9877848258706469
4340,MALE,MALE,0.9376437338915984
3115,MALE,MALE,0.9026680469960442
5167,MALE,MALE,0.5472864619016593
9475,FEMALE,FEMALE,0.26101630321387587
7047,FEMALE,FEMALE,0.27074811267221127
2850,MALE,MALE,0.9176488470179671
329,MALE,MALE,0.9981001411859621
11859,MALE,MALE,0.6245985630300397
10014,MALE,MALE,0.5118240817420885
3756,MALE,MALE,0.6887578190922982
34,MALE,MALE,0.9991912972085386
10052,FEMALE,FEMALE,0.3904340512090144
8291,FEMALE,FEMALE,0.36501889862013365
534,MALE,MALE,0.9285670520020353
6028,FEMALE,FEMALE,0.4355630057820967
1544,MALE,MALE,0.9429917327851453
7686,MALE,MALE,0.8280621490440478
1040,MALE,MALE,0.9817142407732029
8727,MALE,MALE,0.8005345141085738
8116,FEMALE,MALE,0.5428628530665951
2376,MALE,MALE,0.9765541640194414
5507,FEMALE,FEMALE,0.4281991198392224
5756,MALE,MALE,0.8597871726481787
9422,FEMALE,FEMALE,0.2811587264292345
3036,MALE,MALE,0.8712911140002064
2252,MALE,MALE,0.9786547100576116
5737,FEMALE,FEMALE,0.49897315838396394
3664,MALE,MALE,0.9155282111263822
8229,FEMALE,FEMALE,0.29998855786009415
3432,MALE,MALE,0.9956096913305547
170,FEMALE,FEMALE,0.2369408307877456
5661,MALE,MALE,0.8968892591022317
7074,FEMALE,FEMALE,0.2681192197614794
7705,FEMALE,MALE,0.6159330904425445
7301,FEMALE,FEMALE,0.37815047020301124
764,MALE,MALE,0.982937224254075
11563,FEMALE,FEMALE,0.19993168514109003
43,FEMALE,FEMALE,0.3768146179625308
785,MALE,MALE,0.9987576551247261
3028,MALE,MALE,0.9922637479770319
881,MALE,MALE,0.9942313393352523
4490,MALE,MALE,0.6159841739726178
798,MALE,MALE,0.9659382886055021
7636,MALE,MALE,0.9200746581526389
5543,MALE,MALE,0.9441043054552419
2298,MALE,MALE,0.880447097945342
11201,MALE,FEMALE,0.46609864989600713
10406,FEMALE,FEMALE,0.2785689685777924
6002,MALE,MALE,0.8951035193520857
10683,MALE,FEMALE,0.42796416656731057
10122,MALE,MALE,0.5160968900629633
8450,FEMALE,FEMALE,0.21237266004235672
6573,FEMALE,FEMALE,0.33417054098826654
7292,FEMALE,FEMALE,0.3376620418460614
2856,MALE,MALE,0.9323159324679738
2018,MALE,MALE,0.9512448316710611
3591,MALE,MALE,0.7540263489750201
1470,MALE,MALE,0.9861887701959791
9492,FEMALE,FEMALE,0.14416705088713372
2549,MALE,MALE,0.9592685239928521
11544,FEMALE,FEMALE,0.26373985910746695
8145,MALE,MALE,0.8204287010852522
4887,MALE,FEMALE,0.44745875921120887
8453,MALE,MALE,0.7554778959932554
6401,FEMALE,MALE,0.5309024184267889
8001,MALE,MALE,0.8962838778453187
6320,MALE,FEMALE,0.4452713493401271
9615,FEMALE,FEMALE,0.3036087792010413
6994,FEMALE,MALE,0.5688087891014291
8051,MALE,MALE,0.9366961523197651
1519,MALE,MALE,0.8939218616494342
3878,FEMALE,FEMALE,0.48762326212062745
5026,MALE,FEMALE,0.468330372371168
10906,FEMALE,FEMALE,0.37097429706043406
6725,FEMALE,FEMALE,0.35582395520598775
5305,MALE,MALE,0.6972535565381364
11629,FEMALE,FEMALE,0.3465581452058955
5395,MALE,MALE,0.7172298670776135
9506,FEMALE,FEMALE,0.24068912791290992
2244,MALE,MALE,0.9953767613098298
3061,MALE,MALE,0.9185880404550963
6153,FEMALE,FEMALE,0.48264240086892024
6027,FEMALE,FEMALE,0.4286516098863029
7098,MALE,MALE,0.9089612425644171
4192,FEMALE,FEMALE,0.35874592035144787
3392,FEMALE,FEMALE,0.37118020498861154
4510,FEMALE,FEMALE,0.4566156167474444
6010,FEMALE,FEMALE,0.2790885753175088
4837,MALE,MALE,0.7592589567601021
1345,MALE,MALE,0.9924188127987513
6164,MALE,MALE,0.677831863017755
5431,FEMALE,FEMALE,0.38533508138860206
6014,MALE,MALE,0.6531219846536032
8859,MALE,MALE,0.8807656850227518
2230,MALE,MALE,0.974078201729419
4546,MALE,MALE,0.975508604697304
5931,FEMALE,FEMALE,0.3121612338319165
7887,FEMALE,FEMALE,0.20001218764862166
4034,FEMALE,FEMALE,0.4185838880187523
5011,FEMALE,FEMALE,0.19990391567897856
3225,FEMALE,FEMALE,0.3911611965016046
91,MALE,MALE,0.9819593435231861
1172,MALE,MALE,0.959889226835397
9725,FEMALE,FEMALE,0.2840983442959364
8662,MALE,FEMALE,0.4132747853509542
4884,MALE,MALE,0.6490457756032524
10515,FEMALE,FEMALE,0.2816339192040848
7154,FEMALE,FEMALE,0.3836800937843153
10148,MALE,MALE,0.722806765264068
10280,FEMALE,FEMALE,0.413281891535797
3702,FEMALE,MALE,0.522416830919583
6255,MALE,MALE,0.8671854553249525
6632,MALE,MALE,0.5414523506863665
10048,FEMALE,FEMALE,0.40606033174762723
7280,MALE,MALE,0.6072205980260721
7614,MALE,MALE,0.768273186139092
8327,MALE,MALE,0.9351718988837469
6211,FEMALE,FEMALE,0.251380597231732
5533,MALE,MALE,0.9430203394701441
4805,FEMALE,FEMALE,0.33405703709372636
1564,MALE,MALE,0.9984079194359411
2927,MALE,MALE,0.8848213463538391
2720,MALE,MALE,0.8565435098047469
2706,MALE,MALE,0.9328986162664745
10862,FEMALE,FEMALE,0.3145996502272574
3062,MALE,MALE,0.990597955010414
1710,FEMALE,FEMALE,0.2865636724985914
4415,MALE,MALE,0.672835839010573
363,MALE,MALE,0.9830541435821653
8231,MALE,MALE,0.9074477905645056
3800,MALE,MALE,0.9862362123233297
8826,FEMALE,FEMALE,0.1839664790300407
8342,MALE,MALE,0.8865854561270565
7821,FEMALE,FEMALE,0.37498105666638876
6656,MALE,MALE,0.9214068985784972
3738,MALE,MALE,0.9775077173847438
544,MALE,MALE,0.9510773880031546
10301,MALE,FEMALE,0.43275395332189925
7122,FEMALE,FEMALE,0.31030435561454517
5166,MALE,MALE,0.6179836352979392
11914,FEMALE,FEMALE,0.3344820184568586
6094,MALE,MALE,0.8462416865890426
7238,MALE,MALE,0.9053522927852736
3626,MALE,MALE,0.8597204867943908
6625,MALE,MALE,0.8248692580266365
2447,MALE,MALE,0.9719462634207068
49,MALE,MALE,0.9151904761904762
4920,FEMALE,FEMALE,0.29725754953265077
6717,FEMALE,FEMALE,0.40102771089908423
619,MALE,MALE,0.9467397403115255
5430,MALE,MALE,0.7374114416264119
2754,MALE,MALE,0.8864206325686957
10968,MALE,MALE,0.7353656410225259
1153,MALE,MALE,0.9541791763917454
7367,MALE,MALE,0.5240747331585142
72,MALE,MALE,0.9453532154639019
10546,FEMALE,FEMALE,0.2656918390321346
4416,MALE,MALE,0.914598936667062
9809,MALE,MALE,0.6264039622311579
10040,FEMALE,FEMALE,0.44731088642161365
10744,FEMALE,FEMALE,0.3265704549952174
4549,FEMALE,FEMALE,0.29432226463876654
10633,MALE,MALE,0.5853442711049266
440,MALE,MALE,0.998287726904798
7825,FEMALE,FEMALE,0.2476889598122648
1477,MALE,MALE,0.9916179062772892
8243,FEMALE,FEMALE,0.4961533762037529
5590,MALE,MALE,0.7881478578907888
3588,FEMALE,MALE,0.5543398530286665
2775,MALE,MALE,0.8996340148009767
10203,MALE,FEMALE,0.4396910264892041
5917,FEMALE,FEMALE,0.43206793130271215
5490,MALE,MALE,0.8315642906744611
446,MALE,MALE,0.9883155421197736
2029,MALE,MALE,0.9866505983415895
11663,FEMALE,FEMALE,0.3486070043271131
3011,MALE,MALE,0.9230864509163965
6957,FEMALE,FEMALE,0.26690413571896476
2613,FEMALE,MALE,0.6295651200235688
3993,MALE,MALE,0.635932843989372
1729,MALE,MALE,0.9848912901610736
5222,FEMALE,FEMALE,0.27679147977977797
10383,MALE,MALE,0.6814677026056464
11075,FEMALE,FEMALE,0.3920772743499515
8986,FEMALE,FEMALE,0.3198413850465824
3073,MALE,MALE,0.9970098354139436
10586,MALE,MALE,0.560323826205571
10925,FEMALE,FEMALE,0.29484400686323853
9876,FEMALE,FEMALE,0.4928325163198263
560,MALE,MALE,0.9895830565359843
10507,FEMALE,FEMALE,0.2770087385964259
8618,MALE,MALE,0.6934171830723362
9453,MALE,MALE,0.8044693533278159
527,MALE,MALE,0.9904404678858265
1082,MALE,MALE,0.9848470622001418
6503,MALE,MALE,0.8033443323925461
8779,MALE,MALE,0.7780177177011738
687,MALE,MALE,0.9869790614788131
67,MALE,MALE,0.998524630541872
2998,MALE,MALE,0.9665677172866306
9252,MALE,MALE,0.6355031857191717
362,MALE,MALE,0.9781476544518857
6395,FEMALE,FEMALE,0.36795775153986443
4011,FEMALE,FEMALE,0.3172144596623926
8350,FEMALE,MALE,0.7331838591493685
6017,MALE,MALE,0.7092029974921986
8252,FEMALE,MALE,0.5623806451448494
4654,MALE,MALE,0.6407622467079318
7477,MALE,MALE,0.767150108862652
4600,MALE,MALE,0.6811044851312967
11053,FEMALE,FEMALE,0.4608610857645425
1254,FEMALE,FEMALE,0.28820477767232267
1709,MALE,MALE,0.9642436554649555
9414,FEMALE,FEMALE,0.3876717334425151
6078,MALE,FEMALE,0.4744105711856199
8812,FEMALE,FEMALE,0.24985771595279427
9499,FEMALE,FEMALE,0.36960060207448286
1318,MALE,MALE,0.9972135461055811
1777,MALE,MALE,0.9694265807409347
1584,MALE,MALE,0.9964014352308977
8548,FEMALE,FEMALE,0.19963305556470767
9943,MALE,MALE,0.7006250963736158
10575,MALE,MALE,0.6433791551257699
4189,FEMALE,FEMALE,0.3769254185658756
10712,MALE,FEMALE,0.39258365295325526
8683,FEMALE,FEMALE,0.24734478837834778
7010,MALE,MALE,0.7606495488365281
5771,MALE,MALE,0.6882978993790374
11437,MALE,MALE,0.5017582113454163
5028,FEMALE,MALE,0.5028975979799353
6823,MALE,MALE,0.6053507677862116
892,MALE,MALE,0.9763407982045277
10733,FEMALE,FEMALE,0.29351308139598536
11262,MALE,MALE,0.5305675188867559
9622,MALE,FEMALE,0.4948983254444457
10370,FEMALE,FEMALE,0.3265935330870282
753,MALE,MALE,0.991307213489159
1064,MALE,MALE,0.9956377301125068
3385,MALE,MALE,0.7826427572950628
8108,MALE,MALE,0.9406931832032143
9656,MALE,MALE,0.5665143221959001
9553,MALE,MALE,0.5630023800876949
6071,FEMALE,FEMALE,0.397956726548273
8656,FEMALE,MALE,0.5525200259547376
11785,FEMALE,FEMALE,0.29247780257640843
4734,FEMALE,FEMALE,0.1856087290169225
4293,FEMALE,FEMALE,0.48792913045537867
2828,MALE,MALE,0.9619135573546225
10563,FEMALE,FEMALE,0.3223528070824709
1170,MALE,MALE,0.9979796922529403
9608,FEMALE,FEMALE,0.2026713407539447
3463,MALE,MALE,0.9117274249654272
7842,FEMALE,MALE,0.5230818378501053
1036,MALE,MALE,0.9623170245612946
6680,MALE,FEMALE,0.3865517026769015
8678,FEMALE,FEMALE,0.19484019705598107
2972,MALE,MALE,0.9122200408546745
8552,FEMALE,FEMALE,0.48556003401395537
1033,MALE,MALE,0.9639764610550843
10200,MALE,MALE,0.619715475741706
8801,MALE,MALE,0.7784472507509683
84,MALE,MALE,0.7962197595197595
5752,MALE,MALE,0.7614075635729429
3630,FEMALE,FEMALE,0.25519044169030675
9419,FEMALE,MALE,0.5017584064531962
7167,FEMALE,FEMALE,0.2684540116151895
990,MALE,MALE,0.9616747463135141
2266,MALE,MALE,0.9847158719439577
4707,FEMALE,FEMALE,0.3272009404909456
368,MALE,MALE,0.9646318573654115
8451,MALE,MALE,0.8983171415839177
6809,MALE,MALE,0.9313892313638352
427,MALE,MALE,0.9590017625809937
2358,MALE,MALE,0.9782325502906929
1850,MALE,MALE,0.9783230549738606
9938,MALE,MALE,0.6544809185030658
10168,MALE,MALE,0.6101980152553245
1094,MALE,MALE,0.9839486432757212
7554,FEMALE,FEMALE,0.37802720341976054
2213,MALE,MALE,0.9878524833109701
2740,MALE,MALE,0.6878177852887997
11533,FEMALE,FEMALE,0.454136080169923
4606,FEMALE,FEMALE,0.2656684820595091
2859,MALE,MALE,0.8183092099193465
10841,MALE,FEMALE,0.47346335716011134
7140,MALE,MALE,0.649505337794474
7898,FEMALE,FEMALE,0.20680045628941135
1757,MALE,MALE,0.9838813775137935
11507,MALE,MALE,0.5358219720974704
11631,FEMALE,FEMALE,0.36307764199413856
4008,FEMALE,FEMALE,0.4534070604538178
6942,MALE,MALE,0.7902543188133347
10932,FEMALE,FEMALE,0.3073759136859128
7486,MALE,MALE,0.5496424172006013
5155,FEMALE,FEMALE,0.3752096255696887
10487,MALE,MALE,0.6032317751268745
5630,FEMALE,FEMALE,0.43534853534156576
3249,MALE,MALE,0.9933874691083324
4064,MALE,MALE,0.9064247128782538
11061,FEMALE,FEMALE,0.3032940522768868
11022,MALE,MALE,0.5785730290759907
10990,FEMALE,FEMALE,0.29970469598384214
7377,MALE,FEMALE,0.3767991249041433
2880,MALE,MALE,0.8813345847826447
6348,MALE,MALE,0.8235232740985714
11617,MALE,FEMALE,0.4799988036914584
2734,FEMALE,MALE,0.5568498277901001
4812,MALE,MALE,0.6172293106549438
11182,FEMALE,FEMALE,0.325590587706151
5609,FEMALE,FEMALE,0.33097211290437945
10175,FEMALE,FEMALE,0.30584265850062153
6341,FEMALE,FEMALE,0.3437302524611068
1035,FEMALE,FEMALE,0.3919287927403889
8891,MALE,MALE,0.7644659411796628
3638,MALE,MALE,0.9920412882148082
8075,MALE,MALE,0.6206522066140959
4852,FEMALE,FEMALE,0.22624808848657893
7008,FEMALE,FEMALE,0.3790571413141404
8048,MALE,MALE,0.689882895893868
5361,MALE,MALE,0.634757658202913
6163,FEMALE,FEMALE,0.40302645179205043
1450,MALE,MALE,0.9646544527271638
2026,MALE,MALE,0.9793482883439435
10496,MALE,FEMALE,0.31423622314686456
3089,MALE,MALE,0.8813609741161906
5240,MALE,MALE,0.6824058176071776
1329,MALE,MALE,0.9946016209907915
10237,MALE,FEMALE,0.44912924856480024
7211,FEMALE,FEMALE,0.2913928156112874
4368,MALE,MALE,0.7402502840072844
5280,MALE,MALE,0.6767903107123417
6265,FEMALE,FEMALE,0.4643440007712898
7894,FEMALE,FEMALE,0.23689340006507195
2882,MALE,MALE,0.802785344801309
9045,FEMALE,FEMALE,0.31630934710738046
10918,MALE,MALE,0.5265566712137271
6676,FEMALE,FEMALE,0.45735087625707693
9523,MALE,MALE,0.6359644179082836
6776,MALE,MALE,0.5453881367290435
7684,MALE,MALE,0.8725444748200876
9268,MALE,MALE,0.8209915887692528
9237,FEMALE,FEMALE,0.34059364326775793
4241,MALE,MALE,0.8481974308244069
3008,MALE,MALE,0.9547837875261468
8077,MALE,MALE,0.9077432310754723
7437,MALE,MALE,0.8094485654012576
10825,MALE,MALE,0.5168240603866097
8766,MALE,MALE,0.7899889811658595
3772,MALE,MALE,0.9074520434230934
470,MALE,MALE,0.9994514925373135
5110,MALE,MALE,0.9254387321785164
2275,MALE,MALE,0.9601430126168994
7356,MALE,MALE,0.7919064347098701
10555,MALE,MALE,0.6827060319735849
10136,MALE,MALE,0.735210536765631
3413,FEMALE,FEMALE,0.46000659196686766
2623,MALE,MALE,0.9113351756373161
648,MALE,MALE,0.9518334721972017
9592,FEMALE,FEMALE,0.17252213149749376
5759,MALE,MALE,0.7022833163911447
10386,MALE,FEMALE,0.3299039734669242
2175,MALE,MALE,0.9794216575900204
8134,MALE,MALE,0.8859711614962549
9986,MALE,MALE,0.7925865302516744
7812,MALE,MALE,0.9034558825602294
5685,FEMALE,FEMALE,0.27833503997832315
3607,MALE,MALE,0.9905059829852201
5646,MALE,MALE,0.9619268530276712
10390,FEMALE,FEMALE,0.40441945240502186
3973,FEMALE,FEMALE,0.33416163457197035
1532,MALE,MALE,0.9709328780754971
1041,MALE,MALE,0.9967263898692336
6088,MALE,MALE,0.6909505240344491
8523,MALE,MALE,0.7619078982802857
7642,MALE,MALE,0.9025236273203238
224,MALE,MALE,0.9895824449182659
10205,FEMALE,FEMALE,0.3934231294214112
4870,MALE,MALE,0.9421087690488928
8933,FEMALE,FEMALE,0.24500575279792394
10585,FEMALE,FEMALE,0.2662714153406289
10455,MALE,MALE,0.6320609978615604
6575,FEMALE,FEMALE,0.40720670722621344
9115,FEMALE,FEMALE,0.23007623534898827
9760,FEMALE,FEMALE,0.28443616223723667
11169,MALE,MALE,0.5034769896485696
2160,MALE,MALE,0.994717443245465
7436,MALE,MALE,0.933118988578042
6360,FEMALE,FEMALE,0.453757018889273
3633,MALE,MALE,0.9111321470576773
5323,MALE,MALE,0.9667896526709256
9060,MALE,MALE,0.5445200312676713
7382,MALE,MALE,0.8255631435541124
11576,FEMALE,FEMALE,0.25213678874845497
10182,FEMALE,MALE,0.508596631493022
3594,MALE,MALE,0.7537640098293921
4455,MALE,MALE,0.5509960690342824
5036,FEMALE,MALE,0.5028005014304681
1367,FEMALE,MALE,0.6146005498413744
10833,FEMALE,FEMALE,0.3087162209268927
11454,MALE,MALE,0.7036168153961299
4781,FEMALE,FEMALE,0.4454116814421548
4219,MALE,MALE,0.8298989590395895
11610,MALE,MALE,0.6489853018142395
3798,MALE,MALE,0.8717409421502047
2442,MALE,MALE,0.7652575499338561
10324,FEMALE,FEMALE,0.2640067467957918
7648,MALE,MALE,0.7834438889821513
9402,FEMALE,FEMALE,0.23307243667243058
2886,MALE,MALE,0.8645496303669223
3592,MALE,MALE,0.959260219434885
3961,FEMALE,MALE,0.5647667832579646
6118,FEMALE,FEMALE,0.4145248014554353
4662,FEMALE,FEMALE,0.4407176449322058
8387,MALE,MALE,0.8829012456007408
4954,MALE,FEMALE,0.46314966488275794
4614,FEMALE,FEMALE,0.43914906751765637
8281,MALE,MALE,0.9342505506713624
6694,FEMALE,FEMALE,0.2609887047697854
2304,MALE,MALE,0.9491435967268594
11592,MALE,MALE,0.6249393937746095
3187,FEMALE,MALE,0.5266304203118807
5655,MALE,MALE,0.8693419847568677
4480,FEMALE,MALE,0.5206475969636607
4208,FEMALE,FEMALE,0.4865958458162561
1976,MALE,MALE,0.9957926851500629
227,MALE,MALE,0.9850489637638682
8384,FEMALE,MALE,0.6163432377943399
9124,MALE,MALE,0.6585274300877506
1012,MALE,MALE,0.991920720627447
5249,MALE,FEMALE,0.4883411280161748
10156,MALE,MALE,0.6417564409582117
1663,MALE,MALE,0.9702667160986597
10766,MALE,MALE,0.7223237719647005
3379,FEMALE,FEMALE,0.49417868392694203
6231,MALE,MALE,0.7452752431013291
2329,FEMALE,MALE,0.5506493451607506
5968,FEMALE,MALE,0.5965798482477903
11703,FEMALE,FEMALE,0.47287933085698264
3743,MALE,MALE,0.9799627821668744
4065,MALE,MALE,0.944074625719047
10017,MALE,MALE,0.822957559941023
9707,MALE,FEMALE,0.46717397320026666
1780,MALE,MALE,0.9966929499525251
11223,MALE,MALE,0.7424255071247893
1301,MALE,MALE,0.997271176679137
3094,MALE,MALE,0.9650106969383142
3741,MALE,MALE,0.6851561018107641
6358,FEMALE,FEMALE,0.4049621849297889
6030,MALE,MALE,0.5751964211166923
11526,MALE,MALE,0.5419094555044323
4773,MALE,MALE,0.8573669997855552
6612,FEMALE,FEMALE,0.25999314689365566
259,MALE,MALE,0.9991912972085386
6716,MALE,MALE,0.9452699819264607
3148,MALE,MALE,0.9911276438002525
5840,MALE,MALE,0.9280595493508496
11305,MALE,MALE,0.7111270753434122
4230,MALE,MALE,0.9563982780471914
361,MALE,MALE,0.9994514925373135
3264,MALE,MALE,0.9436158771403611
3666,MALE,MALE,0.9766886439360455
4424,MALE,MALE,0.8918464477393278
274,MALE,MALE,0.9741620250762724
11303,MALE,FEMALE,0.4373116909838165
1291,MALE,MALE,0.741096232194146
4474,FEMALE,FEMALE,0.38086060719674286
913,MALE,MALE,0.96875
2118,MALE,MALE,0.9592555038848579
2717,MALE,MALE,0.9319491320966456
8661,FEMALE,FEMALE,0.1320736566802997
1125,MALE,MALE,0.9741196984303984
1704,MALE,MALE,0.988511570889634
8928,MALE,MALE,0.8830467109829416
3540,MALE,MALE,0.8142215022416512
9545,FEMALE,FEMALE,0.35886196581071944
1518,MALE,MALE,0.9933347659595175
2830,MALE,MALE,0.9288998544038527
3239,FEMALE,FEMALE,0.4009562743100837
6687,FEMALE,FEMALE,0.3020149409416011
1491,MALE,MALE,0.7349365119192268
9082,MALE,MALE,0.741853589770239
771,MALE,MALE,0.994898006001919
6636,FEMALE,FEMALE,0.35123848149686504
3877,MALE,MALE,0.9602522860192191
1597,MALE,MALE,0.9663715604223271
8880,MALE,MALE,0.7123127452420337
1026,MALE,MALE,0.9922541937539455
2396,MALE,MALE,0.9727381577909537
10694,MALE,FEMALE,0.4642970205443488
5776,MALE,MALE,0.7968000440831594
4717,FEMALE,FEMALE,0.23785444963488855
8905,FEMALE,FEMALE,0.49606956399341406
3043,MALE,MALE,0.9947946714081045
503,MALE,MALE,0.9929306348645267
6173,MALE,MALE,0.78640835588262
11070,MALE,MALE,0.6290284818425171
9962,MALE,MALE,0.7173669253369568
621,MALE,MALE,0.9644656100401684
5626,MALE,MALE,0.8963649881218069
242,MALE,MALE,0.9891912972085386
4843,MALE,MALE,0.9572810057178903
10488,FEMALE,FEMALE,0.40733693361005235
11109,FEMALE,FEMALE,0.3161221534507387
2021,MALE,MALE,0.9668173162840112
6740,FEMALE,FEMALE,0.23932185116208518
306,MALE,MALE,0.9300241842241842
10629,MALE,FEMALE,0.4423705505909872
3458,MALE,MALE,0.661883673940127
514,MALE,MALE,0.9831912972085387
1749,MALE,MALE,0.9874378433458036
9014,MALE,MALE,0.6547962489256244
4010,MALE,MALE,0.6126456436686226
185,MALE,MALE,0.9515649279250994
6604,FEMALE,FEMALE,0.3611167874837069
3327,MALE,MALE,0.9936048461584573
11842,MALE,MALE,0.6229172181135708
4110,MALE,MALE,0.5888585051287987
5226,MALE,MALE,0.6901938928731371
6603,MALE,FEMALE,0.451221886725915
4547,MALE,MALE,0.6618496401073141
6304,MALE,MALE,0.8914024273303195
10046,MALE,MALE,0.7004399821467636
4649,MALE,MALE,0.8895636762135917
3708,MALE,MALE,0.7672227900244399
2796,MALE,MALE,0.940830815821378
2868,MALE,MALE,0.705169796674912
7784,FEMALE,FEMALE,0.25576970387711745
8098,MALE,FEMALE,0.33078577013895705
9951,MALE,MALE,0.812685865714854
5965,FEMALE,FEMALE,0.39780304747301815
6478,MALE,MALE,0.6755413326373528
111,MALE,MALE,0.9600510477035543
6209,MALE,MALE,0.8927600573356662
177,FEMALE,FEMALE,0.3999052408319649
639,MALE,MALE,0.9715827122291585
2039,MALE,MALE,0.9856521708950963
5394,MALE,MALE,0.9332141064772955
3197,MALE,MALE,0.9781588865322307
6542,MALE,MALE,0.586737064007867
8685,FEMALE,FEMALE,0.23081001149873387
9352,MALE,MALE,0.647378971626734
9747,MALE,FEMALE,0.3559436878952213
6748,FEMALE,FEMALE,0.37685548726108137
2601,MALE,MALE,0.9822414763048333
11158,MALE,FEMALE,0.4691639693355492
4094,MALE,MALE,0.830416762317668
5217,MALE,MALE,0.7385125304956967
11718,MALE,MALE,0.6014168111956821
3535,MALE,MALE,0.8309399275665089
8394,MALE,MALE,0.8291106882665861
6576,MALE,MALE,0.5972062578249687
6183,FEMALE,FEMALE,0.411490355618265
7933,MALE,MALE,0.8245965372335741
6976,MALE,MALE,0.6649071463796572
2052,MALE,MALE,0.9936126706394249
1789,MALE,MALE,0.958980038077103
3686,MALE,MALE,0.6107362552710492
1909,MALE,MALE,0.9858326130703585
6252,MALE,MALE,0.5217210002437027
9193,MALE,MALE,0.8670189911044369
7609,MALE,MALE,0.7961091573312835
4904,MALE,MALE,0.5104118337334225
6567,MALE,MALE,0.9169591063930909
8745,FEMALE,FEMALE,0.17360488379594258
7965,MALE,MALE,0.8987886957381949
365,MALE,MALE,0.9686269109924777
1156,FEMALE,FEMALE,0.4078205418795042
9393,FEMALE,FEMALE,0.3287021778217643
9959,MALE,MALE,0.5917825097525408
5563,MALE,MALE,0.7900859971160262
3847,MALE,MALE,0.6951244814790256
808,MALE,MALE,0.9930753893343822
1257,MALE,MALE,0.9974558267506264
6764,FEMALE,FEMALE,0.31720291748537016
8626,FEMALE,MALE,0.5860612043048332
11164,MALE,FEMALE,0.4901984223585567
7988,MALE,MALE,0.5590375194129268
7363,FEMALE,MALE,0.506496412382607
1745,MALE,MALE,0.9649329608742321
9847,FEMALE,FEMALE,0.33059096102229013
11449,FEMALE,FEMALE,0.4558271213162206
10313,FEMALE,FEMALE,0.27400674679579173
2483,MALE,MALE,0.9578482685791248
2709,MALE,MALE,0.9660990411179149
8948,MALE,MALE,0.6133209562887137
7396,FEMALE,MALE,0.5551066903379052
1437,MALE,MALE,0.9643164371026839
1326,MALE,MALE,0.9922581643123958
1794,MALE,MALE,0.9869376023624163
4540,FEMALE,FEMALE,0.4481376876147
9418,MALE,MALE,0.7767058744581581
11105,MALE,MALE,0.54237488698983
13,MALE,MALE,0.9449830261136711
3822,MALE,MALE,0.9527690620330358
8931,MALE,MALE,0.8240317193142878
10826,FEMALE,FEMALE,0.26944261151341026
10937,FEMALE,FEMALE,0.30013708020004354
11260,MALE,MALE,0.6260621248410074
5572,MALE,MALE,0.7847468969183093
11067,FEMALE,FEMALE,0.31339119019012385
3269,MALE,MALE,0.9153745289716012
9824,MALE,MALE,0.7000755581641457
4998,FEMALE,FEMALE,0.4254111152284482
4103,MALE,MALE,0.7010658669868515
6966,MALE,MALE,0.8303035622345146
9153,FEMALE,FEMALE,0.2029634481237504
8249,MALE,MALE,0.774691762824634
1447,MALE,MALE,0.9868828614241791
10211,FEMALE,FEMALE,0.3417064220878439
5050,FEMALE,FEMALE,0.37111806462610963
1063,MALE,MALE,0.9857353400241768
5687,MALE,MALE,0.9208446788522383
4978,MALE,MALE,0.8980688386883487
8208,MALE,MALE,0.863784623118796
9471,FEMALE,FEMALE,0.4285911809776277
7089,MALE,MALE,0.5992176950624245
2695,MALE,MALE,0.8845924678366046
6107,MALE,MALE,0.7423154546929517
2857,MALE,MALE,0.9917208164558561
9119,FEMALE,FEMALE,0.36575884964251193
4294,MALE,MALE,0.9307670940080525
10369,FEMALE,FEMALE,0.2771307832435016
7001,MALE,MALE,0.9406546396228874
4343,MALE,MALE,0.9483695005474891
7729,FEMALE,FEMALE,0.3100830628466542
5116,FEMALE,FEMALE,0.3990376267665826
4325,MALE,MALE,0.9200835403516411
436,MALE,MALE,0.9362162768920435
8990,FEMALE,FEMALE,0.1540111898080906
2196,MALE,MALE,0.9839008298905341
1115,MALE,MALE,0.9877917700830833
9676,FEMALE,FEMALE,0.3450913492267844
3848,MALE,MALE,0.9617621250538742
10763,FEMALE,FEMALE,0.40246011488240646
1538,MALE,MALE,0.6343606336315267
10617,FEMALE,FEMALE,0.36503833937009006
5489,MALE,MALE,0.8482228656449375
9684,MALE,FEMALE,0.39003680825105186
9047,MALE,MALE,0.7872887330601327
3460,MALE,MALE,0.9757978610379167
10817,FEMALE,FEMALE,0.342120619475579
8425,MALE,MALE,0.8248912479912498
2679,MALE,MALE,0.9815240835253622
11691,FEMALE,FEMALE,0.4800396589654526
5396,MALE,MALE,0.6454502760275831
2110,MALE,MALE,0.9618477930668523
348,MALE,MALE,0.9994514925373135
9723,FEMALE,FEMALE,0.26399869269573134
8418,MALE,FEMALE,0.3805102419277921
9539,FEMALE,FEMALE,0.2638224483641683
10510,FEMALE,FEMALE,0.23966469988386485
8635,FEMALE,FEMALE,0.265503874099561
7205,FEMALE,FEMALE,0.28447312664542407
6514,FEMALE,FEMALE,0.2772963072634706
4397,MALE,MALE,0.8213412025977053
11382,FEMALE,FEMALE,0.44220433409166837
6947,MALE,MALE,0.5489942098392135
994,MALE,MALE,0.9887813926825965
1011,MALE,MALE,0.9822581643123958
11908,MALE,MALE,0.5998007084788497
1758,MALE,MALE,0.9895948842005963
10611,FEMALE,FEMALE,0.296040117838754
8298,FEMALE,MALE,0.570197259557592
5408,MALE,MALE,0.907710084416712
717,MALE,MALE,0.9642779609389305
2040,MALE,MALE,0.9202159214508466
7465,MALE,FEMALE,0.38602616018234365
10639,MALE,MALE,0.5628115184757957
3740,FEMALE,MALE,0.6557071830657005
1038,MALE,MALE,0.9725469426716944
388,MALE,MALE,0.9994514925373135
6738,MALE,MALE,0.5423412136548814
1415,MALE,MALE,0.9855224006589357
9476,FEMALE,FEMALE,0.24494265669334264
1879,MALE,MALE,0.993625053467597
3074,MALE,MALE,0.9697832328866914
1385,MALE,MALE,0.980892922312907
7249,MALE,MALE,0.8431328410098492
8225,MALE,FEMALE,0.3703497313000713
6140,MALE,MALE,0.552227083366456
2080,MALE,MALE,0.9972937351919832
6125,FEMALE,MALE,0.5439421735982612
5814,MALE,MALE,0.9021026930944553
1595,FEMALE,FEMALE,0.2965636724985914
7390,MALE,MALE,0.9435126256565008
9837,MALE,MALE,0.7950523813177233
5561,MALE,MALE,0.5342294276703397
1686,MALE,MALE,0.9091662761258348
3160,MALE,MALE,0.8625320575860139
4661,FEMALE,FEMALE,0.27068753915848004
5223,MALE,MALE,0.732314573425951
1078,MALE,MALE,0.9877947127587503
6736,MALE,MALE,0.9180727499483767
9775,MALE,MALE,0.7174583772773485
10911,FEMALE,FEMALE,0.3377363919285095
1194,MALE,MALE,0.9610383087058173
1337,MALE,MALE,0.9861398473447737
782,MALE,MALE,0.9846820221768321
3660,MALE,MALE,0.9563525581522404
9133,MALE,MALE,0.7698594399226318
7058,MALE,MALE,0.7958279977133499
8335,MALE,MALE,0.6246185165763333
9811,FEMALE,FEMALE,0.3369027947447825
6023,FEMALE,FEMALE,0.24490793393976773
10831,MALE,MALE,0.6189003416564942
1112,MALE,MALE,0.9960037079581704
7529,FEMALE,FEMALE,0.33934206698125996
10668,MALE,FEMALE,0.4873113491569167
8120,FEMALE,FEMALE,0.382053127255303
2211,MALE,MALE,0.9952107528590008
8871,FEMALE,FEMALE,0.25146097036968695
2746,MALE,MALE,0.849967080924708
333,MALE,MALE,0.9984463742276243
113,MALE,MALE,0.9791475152645863
6572,MALE,MALE,0.9499495789669246
5906,MALE,MALE,0.8014284162515763
1684,MALE,MALE,0.9751860720979458
11746,MALE,MALE,0.5820499638741112
11386,MALE,MALE,0.7452190749049941
6271,MALE,MALE,0.9106145772087649
11804,MALE,MALE,0.5080971403613787
8169,MALE,MALE,0.8489847661416353
3644,MALE,MALE,0.9894861376158477
2925,MALE,MALE,0.9554020904529672
10778,FEMALE,FEMALE,0.2868399737123499
1847,MALE,MALE,0.9865105748595729
6842,FEMALE,FEMALE,0.3334270488221193
3521,MALE,MALE,0.9955390815889241
11705,MALE,MALE,0.6204807503759551
443,MALE,MALE,0.988772191317705
4541,MALE,MALE,0.5947057152468904
2610,FEMALE,MALE,0.5601541012052028
3716,MALE,MALE,0.9864525111581571
10614,MALE,FEMALE,0.3732384769825876
2436,MALE,MALE,0.9558032497553169
6081,FEMALE,FEMALE,0.25956518795652195
9143,MALE,MALE,0.8751009311559654
6851,MALE,MALE,0.8399360846822916
4394,MALE,MALE,0.9554176283456168
11491,FEMALE,FEMALE,0.42771412776053547
9231,MALE,MALE,0.6331124300240336
8167,FEMALE,FEMALE,0.19762415396927527
11346,MALE,MALE,0.6998612446228133
10621,FEMALE,FEMALE,0.2791128980198707
8802,FEMALE,FEMALE,0.4854750227698239
2422,MALE,MALE,0.9416601757811476
9773,MALE,MALE,0.8439848030593449
7488,FEMALE,FEMALE,0.3678096765752102
5099,FEMALE,FEMALE,0.3478759436936668
9001,FEMALE,FEMALE,0.419732570631795
122,MALE,MALE,0.9729151286963788
4302,FEMALE,FEMALE,0.40056567280458283
4017,MALE,MALE,0.8133602025535659
1753,MALE,MALE,0.9984079194359411
11434,MALE,MALE,0.7550875803601252
11779,MALE,MALE,0.5627876134710433
11450,MALE,MALE,0.7036847708900374
759,MALE,MALE,0.866913360428445
3449,FEMALE,FEMALE,0.26720193827626665
7777,MALE,FEMALE,0.2588755092994354
8734,MALE,MALE,0.7757393782253105
10420,FEMALE,FEMALE,0.3081323718548374
6489,MALE,MALE,0.5561684710844248
4420,MALE,MALE,0.5719095055835427
7571,MALE,MALE,0.9158902269953364
10107,FEMALE,FEMALE,0.37252545776687723
11713,MALE,MALE,0.5819437625238232
11853,MALE,MALE,0.634510664903783
6868,FEMALE,FEMALE,0.383247677266909
11340,FEMALE,FEMALE,0.3223725898845454
10471,FEMALE,FEMALE,0.27930060286084873
1669,MALE,MALE,0.9924593518167296
292,MALE,MALE,0.9764846454801811
4651,MALE,MALE,0.6162732595972877
2011,MALE,MALE,0.998217443245465
7129,MALE,FEMALE,0.45543368327046607
5061,FEMALE,FEMALE,0.3447847984529658
11817,MALE,MALE,0.5950949702316627
11117,MALE,MALE,0.7361162047303789
11096,FEMALE,FEMALE,0.36439567025119574
5197,FEMALE,FEMALE,0.4892587665072569
9120,MALE,MALE,0.8658440239188481
8471,FEMALE,FEMALE,0.21041562521024137
11441,FEMALE,FEMALE,0.31522759523669136
11197,MALE,MALE,0.7457462616148994
5608,MALE,MALE,0.7225201083950256
4303,MALE,MALE,0.8665423664860072
9283,MALE,MALE,0.6627534482304597
2041,MALE,MALE,0.9834052686154929
959,MALE,MALE,0.9239966897828783
3631,MALE,MALE,0.7597830916535923
1643,MALE,MALE,0.9900459503053135
4289,MALE,MALE,0.9442502070183078
11131,FEMALE,FEMALE,0.19404619468093007
75,MALE,MALE,0.9370521014941725
11883,FEMALE,FEMALE,0.28391070995498846
769,MALE,MALE,0.989311472492887
6066,MALE,MALE,0.8997607539684624
9404,MALE,MALE,0.5622189657579133
849,MALE,MALE,0.9828662079957229
11137,FEMALE,FEMALE,0.4261819383385415
3050,MALE,MALE,0.945771498030291
5768,FEMALE,FEMALE,0.33228737704310923
9170,MALE,MALE,0.799341907682909
10958,MALE,MALE,0.7812788029374252
1169,MALE,MALE,0.9930485477865083
373,MALE,MALE,0.9420832282135754
6054,MALE,MALE,0.7845493431715532
1247,MALE,MALE,0.965128561483255
10511,FEMALE,FEMALE,0.20693878619189537
5709,FEMALE,FEMALE,0.4483541907779911
5178,MALE,MALE,0.9172931070284767
7221,MALE,MALE,0.8427128219548501
2315,MALE,MALE,0.9641723133141744
1967,MALE,MALE,0.9978207914690396
9345,MALE,MALE,0.5998668557006163
473,MALE,MALE,0.9933290316648526
11103,FEMALE,FEMALE,0.1785249388486058
10125,MALE,MALE,0.6678436524754567
6674,MALE,MALE,0.8490017463535163
10574,MALE,FEMALE,0.37969041399946835
6464,FEMALE,FEMALE,0.40217390828601546
10770,FEMALE,FEMALE,0.31782545993492367
8821,MALE,MALE,0.5002843180152802
5111,MALE,MALE,0.7318416849326819
6168,MALE,MALE,0.7016578047069066
8714,MALE,MALE,0.8628007007642546
6472,MALE,FEMALE,0.4398855302854355
6627,MALE,MALE,0.8758543326055346
11831,FEMALE,FEMALE,0.36440242756831437
3343,MALE,MALE,0.9868065764018307
675,MALE,MALE,0.9839359494912964
38,MALE,MALE,0.9991912972085386
9975,MALE,MALE,0.7764961043450829
7444,MALE,MALE,0.8919455837098009
2692,FEMALE,FEMALE,0.43282663762091
11553,FEMALE,FEMALE,0.3871016228768086
11249,MALE,MALE,0.5789715528984872
10479,FEMALE,FEMALE,0.30283276302851975
11911,MALE,FEMALE,0.40956878318591916
4062,FEMALE,FEMALE,0.4497694381312916
701,MALE,MALE,0.9946666294837004
6652,MALE,MALE,0.9285336050635639
7860,MALE,MALE,0.8154694986749892
4045,MALE,MALE,0.9105447567712917
429,MALE,MALE,0.9995824449182659
3393,MALE,MALE,0.7800949015426929
4985,FEMALE,FEMALE,0.3769299418730536
2836,MALE,MALE,0.9231399170420908
2181,MALE,MALE,0.9976824463176878
11202,MALE,MALE,0.6937573845376491
3152,FEMALE,MALE,0.5776361853162999
6506,MALE,MALE,0.5161505501199376
4793,FEMALE,FEMALE,0.2388848776579188
6841,FEMALE,FEMALE,0.2710400336127615
2308,MALE,MALE,0.9857490300579923
5149,FEMALE,FEMALE,0.44073781783681576
1550,MALE,MALE,0.9934325590158549
11220,FEMALE,FEMALE,0.2876727156803003
8185,MALE,MALE,0.8242238488723287
10297,FEMALE,FEMALE,0.22511356520495293
1371,MALE,MALE,0.9857516391728288
3527,MALE,MALE,0.9905423846323198
9127,FEMALE,FEMALE,0.479074235559525
11899,FEMALE,FEMALE,0.40230401388365294
6655,FEMALE,FEMALE,0.3629801760666885
7535,MALE,MALE,0.8149517442193881
6509,FEMALE,FEMALE,0.2772553780639362
11837,MALE,MALE,0.6656698467012377
93,MALE,MALE,0.9551974960224962
4991,FEMALE,FEMALE,0.38789015176769487
